Date,Score
2010-07-01,#N/A
2010-07-02,0.090935923
2010-07-06,0.052680377
2010-07-07,-0.959829509
2010-07-08,0.066599429
2010-07-09,0.05918166
2010-07-12,-0.564620554
2010-07-13,0.063788183
2010-07-14,-0.136359006
2010-07-15,-0.912238955
2010-07-16,-0.052152313
2010-07-19,-0.327536702
2010-07-20,0.799979031
2010-07-21,#N/A
2010-07-22,-0.568887889
2010-07-23,-0.837758601
2010-07-26,0.906983912
2010-07-27,0.862360358
2010-07-28,0.641930938
2010-07-29,#N/A
2010-07-30,0.441597819
2010-08-02,0.921690285
2010-08-03,#N/A
2010-08-04,0.009314563
2010-08-05,0.032254674
2010-08-06,0.065721132
2010-08-09,0.075015701
2010-08-10,0.657365084
2010-08-11,-0.009785369
2010-08-12,0.77986598
2010-08-13,#N/A
2010-08-16,#N/A
2010-08-17,0.464489013
2010-08-18,0.190349787
2010-08-19,-0.898323298
2010-08-20,#N/A
2010-08-23,#N/A
2010-08-24,0.767705441
2010-08-25,0.106529266
2010-08-26,#N/A
2010-08-27,-0.856098354
2010-08-30,-0.889979362
2010-08-31,0.05804985
2010-09-01,-0.030800536
2010-09-02,0.648920059
2010-09-03,0.190761149
2010-09-07,#N/A
2010-09-08,-0.944451034
2010-09-09,0.730453968
2010-09-10,-0.940160871
2010-09-13,0.549297333
2010-09-14,0.237793177
2010-09-15,0.90804249
2010-09-16,0.568740487
2010-09-17,0.010540446
2010-09-20,0.914342344
2010-09-21,0.828706503
2010-09-22,0.610023618
2010-09-23,0.862225711
2010-09-24,0.771868527
2010-09-27,0.027646901
2010-09-28,0.845753312
2010-09-29,-0.86555177
2010-09-30,-0.964063227
2010-10-01,-0.506145835
2010-10-04,-0.640489817
2010-10-05,0.795146585
2010-10-06,-0.892223775
2010-10-07,0.518886685
2010-10-08,0.161398456
2010-10-11,-0.534443855
2010-10-12,0.293437898
2010-10-13,0.129197106
2010-10-14,0.114854179
2010-10-15,-0.155904561
2010-10-18,0.033656813
2010-10-19,-0.878928721
2010-10-20,0.074548133
2010-10-21,0.667165995
2010-10-22,-0.270037442
2010-10-25,0.685057402
2010-10-26,-0.253013521
2010-10-27,-0.785325944
2010-10-28,-0.755904913
2010-10-29,0.936825991
2010-11-01,#N/A
2010-11-02,0.322985739
2010-11-03,-0.88487184
2010-11-04,0.721497774
2010-11-05,-0.043849938
2010-11-08,0.089646526
2010-11-09,0.060959011
2010-11-10,0.130669236
2010-11-11,#N/A
2010-11-12,-0.897379279
2010-11-15,0.430203855
2010-11-16,0.004397592
2010-11-17,0.898186803
2010-11-18,0.761576653
2010-11-19,-0.93467468
2010-11-22,0.105307057
2010-11-23,-0.629273415
2010-11-24,0.182379663
2010-11-26,0.889657021
2010-11-29,0.084376119
2010-11-30,0.179172829
2010-12-01,-0.297080189
2010-12-02,0.236388534
2010-12-03,0.899444759
2010-12-06,-0.849183083
2010-12-07,0.935239136
2010-12-08,0.511338055
2010-12-09,0.713715374
2010-12-10,0.375659525
2010-12-13,0.018964276
2010-12-14,-0.96327579
2010-12-15,0.824171484
2010-12-16,0.24364838
2010-12-17,-0.001538908
2010-12-20,0.241023034
2010-12-21,-0.655303538
2010-12-22,0.056354649
2010-12-23,-0.585372448
2010-12-27,0.637086868
2010-12-28,0.006823463
2010-12-29,-0.045523256
2010-12-30,-0.758094549
2010-12-31,0.085048996
2011-01-03,0.935394108
2011-01-04,0.10997501
2011-01-05,0.068274044
2011-01-06,0.052057795
2011-01-07,0.041872866
2011-01-10,0.913129449
2011-01-11,0.494760245
2011-01-12,0.448462784
2011-01-13,0.706343055
2011-01-14,0.027561337
2011-01-18,-0.074529588
2011-01-19,-0.052984618
2011-01-20,0.093350351
2011-01-21,0.033027083
2011-01-24,0.008412611
2011-01-25,0.600362241
2011-01-26,0.935139954
2011-01-27,-0.559476495
2011-01-28,0.167693332
2011-01-31,0.879782081
2011-02-01,0.071094841
2011-02-02,0.056187648
2011-02-03,-0.433947772
2011-02-04,0.263613105
2011-02-07,0.707134008
2011-02-08,0.446861744
2011-02-09,0.127465487
2011-02-10,-0.182227194
2011-02-11,0.035847887
2011-02-14,0.834805071
2011-02-15,0.075618103
2011-02-16,0.798155606
2011-02-17,-0.436094463
2011-02-18,-0.323341519
2011-02-22,0.042017899
2011-02-23,-0.400794774
2011-02-24,0.647623658
2011-02-25,0.614816606
2011-02-28,-0.020688307
2011-03-01,0.073917747
2011-03-02,-0.953263938
2011-03-03,0.79112047
2011-03-04,0.374120802
2011-03-07,-0.951710463
2011-03-08,0.03086346
2011-03-09,-0.923571527
2011-03-10,-0.945316494
2011-03-11,0.090456001
2011-03-14,0.175758228
2011-03-15,-0.857456088
2011-03-16,0.791648209
2011-03-17,-0.940735459
2011-03-18,0.088270053
2011-03-21,-0.262934297
2011-03-22,-0.698208511
2011-03-23,0.039449908
2011-03-24,0.885045826
2011-03-25,0.664366782
2011-03-28,-0.669652462
2011-03-29,0.306412429
2011-03-30,0.843751729
2011-03-31,0.748354614
2011-04-01,#N/A
2011-04-04,-0.715127409
2011-04-05,-0.794116318
2011-04-06,0.088685803
2011-04-07,0.935437739
2011-04-08,-0.1266803
2011-04-11,-0.959481895
2011-04-12,0.763454616
2011-04-13,-0.06692981
2011-04-14,-0.037293382
2011-04-15,#N/A
2011-04-18,#N/A
2011-04-19,-0.259169728
2011-04-20,-0.834999084
2011-04-21,-0.001912501
2011-04-25,-0.785052657
2011-04-26,0.044139281
2011-04-27,-0.201485276
2011-04-28,-0.434948444
2011-04-29,0.047406133
2011-05-02,0.061278783
2011-05-03,0.770102322
2011-05-04,0.547109723
2011-05-05,#N/A
2011-05-06,0.913201749
2011-05-09,-0.623051524
2011-05-10,-0.11885646
2011-05-11,-0.146133929
2011-05-12,#N/A
2011-05-13,#N/A
2011-05-16,-0.740458369
2011-05-17,-0.038063049
2011-05-18,-0.968766809
2011-05-19,-0.044336945
2011-05-20,0.032246929
2011-05-23,-0.908499897
2011-05-24,-0.956031382
2011-05-25,-0.971964002
2011-05-26,-0.887095988
2011-05-27,0.543649912
2011-05-31,-0.878328264
2011-06-01,0.087900445
2011-06-02,-0.922550857
2011-06-03,-0.964699209
2011-06-06,-0.003833786
2011-06-07,0.330595076
2011-06-08,0.024699684
2011-06-09,0.035304487
2011-06-10,#N/A
2011-06-13,-0.718567014
2011-06-14,0.82849592
2011-06-15,0.924495518
2011-06-16,-0.035427064
2011-06-17,0.088643976
2011-06-20,-0.593219042
2011-06-21,0.644604206
2011-06-22,-0.898300052
2011-06-23,-0.859315038
2011-06-24,0.193277389
2011-06-27,0.611930728
2011-06-28,0.294927865
2011-06-29,-0.685043633
2011-06-30,0.069533214
2011-07-01,0.895169377
2011-07-05,0.039262984
2011-07-06,0.054214943
2011-07-07,0.866378665
2011-07-08,-0.925242186
2011-07-11,-0.689702094
2011-07-12,-0.964574873
2011-07-13,-0.52685982
2011-07-14,0.130059749
2011-07-15,0.872977316
2011-07-18,0.173884124
2011-07-19,0.003378505
2011-07-20,0.901755095
2011-07-21,0.609680295
2011-07-22,-0.562503755
2011-07-25,0.844365656
2011-07-26,-0.14289856
2011-07-27,0.439822853
2011-07-28,0.371375173
2011-07-29,0.437215358
2011-08-01,0.57751739
2011-08-02,-0.918192804
2011-08-03,-0.015488574
2011-08-04,0.087729052
2011-08-05,-0.036581308
2011-08-08,0.897915483
2011-08-09,-0.131015152
2011-08-10,0.630430281
2011-08-11,-0.934823751
2011-08-12,0.074590035
2011-08-15,0.013568789
2011-08-16,-0.043981258
2011-08-17,0.880491793
2011-08-18,-0.255397081
2011-08-19,0.00884692
2011-08-22,0.011815291
2011-08-23,0.902818024
2011-08-24,-0.250659645
2011-08-25,0.158343673
2011-08-26,-0.069042891
2011-08-29,-0.286094338
2011-08-30,0.048374895
2011-08-31,0.03052632
2011-09-01,0.913464606
2011-09-02,-0.198229432
2011-09-06,0.296919882
2011-09-07,-0.93167758
2011-09-08,0.291469842
2011-09-09,-0.02362618
2011-09-12,0.242812186
2011-09-13,0.908387005
2011-09-14,-0.111392342
2011-09-15,-0.956947625
2011-09-16,0.029344371
2011-09-19,0.145865545
2011-09-20,-0.251947939
2011-09-21,0.094744533
2011-09-22,0.050349787
2011-09-23,0.064126343
2011-09-26,-0.000380782
2011-09-27,-0.826213717
2011-09-28,0.00283201
2011-09-29,-0.022938393
2011-09-30,0.070483446
2011-10-03,0.082766734
2011-10-04,0.744437456
2011-10-05,-0.087888435
2011-10-06,-0.839226663
2011-10-07,-0.370512277
2011-10-10,0.338498503
2011-10-11,0.82311815
2011-10-12,-0.3264063
2011-10-13,0.668120623
2011-10-14,-0.576022565
2011-10-17,0.210609287
2011-10-18,-0.347171903
2011-10-19,-0.922293603
2011-10-20,-0.960357726
2011-10-21,0.02920468
2011-10-24,-0.107365191
2011-10-25,0.081819527
2011-10-26,0.506833553
2011-10-27,0.706231177
2011-10-28,-0.127514303
2011-10-31,0.063697495
2011-11-01,0.02457625
2011-11-02,0.085117459
2011-11-03,0.892485023
2011-11-04,-0.422347546
2011-11-07,0.143318579
2011-11-08,-0.885470748
2011-11-09,0.501007915
2011-11-10,-0.249549061
2011-11-11,-0.828100085
2011-11-14,0.400597423
2011-11-15,0.077083215
2011-11-16,-0.960000157
2011-11-17,0.57461518
2011-11-18,-0.087707147
2011-11-21,-0.954430461
2011-11-22,0.186494455
2011-11-23,0.011949312
2011-11-25,-0.874371052
2011-11-28,-0.806282222
2011-11-29,0.125929713
2011-11-30,0.621884704
2011-12-01,-0.053365476
2011-12-02,0.002046689
2011-12-05,0.044592034
2011-12-06,0.559588432
2011-12-07,-0.96229744
2011-12-08,0.1465251
2011-12-09,0.071111053
2011-12-12,-0.134228617
2011-12-13,0.09212739
2011-12-14,0.029315962
2011-12-15,0.194853961
2011-12-16,0.779063344
2011-12-19,-0.040186107
2011-12-20,0.770468771
2011-12-21,0.771895289
2011-12-22,0.709219217
2011-12-23,0.884769678
2011-12-27,0.02782343
2011-12-28,0.116726026
2011-12-29,-0.009253129
2011-12-30,0.826467991
2012-01-03,0.120659478
2012-01-04,-0.942072034
2012-01-05,-0.872397184
2012-01-06,0.940437734
2012-01-09,-0.071529083
2012-01-10,-0.718155146
2012-01-11,0.831183314
2012-01-12,0.928507209
2012-01-13,0.13578923
2012-01-17,-0.937319696
2012-01-18,0.702509761
2012-01-19,-0.935694516
2012-01-20,0.107878581
2012-01-23,0.506679714
2012-01-24,0.044735689
2012-01-25,-0.76013124
2012-01-26,0.388346374
2012-01-27,-0.593403101
2012-01-30,-0.865343869
2012-01-31,0.627712905
2012-02-01,0.845483005
2012-02-02,0.193555862
2012-02-03,0.242925078
2012-02-06,0.042604446
2012-02-07,-0.972803175
2012-02-08,0.172499076
2012-02-09,0.357158959
2012-02-10,0.112457551
2012-02-13,0.310300529
2012-02-14,0.900631964
2012-02-15,0.049900327
2012-02-16,0.889233232
2012-02-17,-0.853475511
2012-02-21,0.243710697
2012-02-22,0.772119939
2012-02-23,0.285384327
2012-02-24,0.235575959
2012-02-27,0.004257225
2012-02-28,0.887739837
2012-02-29,0.163810253
2012-03-01,-0.672681272
2012-03-02,0.821661294
2012-03-05,0.047764521
2012-03-06,0.872613192
2012-03-07,-0.691897213
2012-03-08,0.717150867
2012-03-09,-0.817513645
2012-03-12,0.019268896
2012-03-13,0.763118923
2012-03-14,-0.913029313
2012-03-15,0.765735745
2012-03-16,0.061575778
2012-03-19,-0.002178688
2012-03-20,0.058146078
2012-03-21,0.098072425
2012-03-22,0.935787797
2012-03-23,0.106924854
2012-03-26,0.747821212
2012-03-27,0.926747143
2012-03-28,0.095605537
2012-03-29,-0.90165782
2012-03-30,-0.922757685
2012-04-02,-0.216305822
2012-04-03,-8.2e-05
2012-04-04,0.030239992
2012-04-05,-0.099698156
2012-04-09,0.49540633
2012-04-10,-0.957749546
2012-04-11,0.190126583
2012-04-12,0.093637027
2012-04-13,0.045016151
2012-04-16,0.132065445
2012-04-17,0.262094289
2012-04-18,-0.144123644
2012-04-19,0.199592128
2012-04-20,-0.51858449
2012-04-23,-0.902960062
2012-04-24,0.361692786
2012-04-25,0.043860544
2012-04-26,-0.132377505
2012-04-27,0.029856261
2012-04-30,-0.66065073
2012-05-01,0.850453556
2012-05-02,0.860533178
2012-05-03,-0.339819729
2012-05-04,0.503218174
2012-05-07,-0.718108594
2012-05-08,0.650463641
2012-05-09,0.129227191
2012-05-10,#N/A
2012-05-11,-0.81174314
2012-05-14,0.402805269
2012-05-15,0.604137003
2012-05-16,0.060098369
2012-05-17,0.069232285
2012-05-18,0.056817211
2012-05-21,0.379735619
2012-05-22,0.588363886
2012-05-23,-0.581384897
2012-05-24,-0.769575357
2012-05-25,0.184648514
2012-05-29,0.018626507
2012-05-30,-0.004456528
2012-05-31,-0.970363438
2012-06-01,0.8968907
2012-06-04,0.065199271
2012-06-05,-0.811891496
2012-06-06,-0.799660087
2012-06-07,0.093722619
2012-06-08,-0.074250191
2012-06-11,0.826459348
2012-06-12,0.099356979
2012-06-13,-0.930521309
2012-06-14,0.906466722
2012-06-15,0.004035994
2012-06-18,0.74812299
2012-06-19,-0.962064803
2012-06-20,-0.939324379
2012-06-21,0.090528712
2012-06-22,0.052939244
2012-06-25,0.087695904
2012-06-26,0.098314665
2012-06-27,0.553009331
2012-06-28,-0.268159032
2012-06-29,-0.096112967
2012-07-02,-0.77936697
2012-07-03,-0.934694827
2012-07-05,0.616421044
2012-07-06,-0.913644016
2012-07-09,-0.96650219
2012-07-10,0.020798866
2012-07-11,0.148556054
2012-07-12,-0.964553714
2012-07-13,-0.891400218
2012-07-16,-0.938795269
2012-07-17,-0.798402131
2012-07-18,0.894940853
2012-07-19,-0.836076498
2012-07-20,-0.06429252
2012-07-23,0.382526815
2012-07-24,-0.028446633
2012-07-25,0.907453895
2012-07-26,-0.93232137
2012-07-27,0.118018292
2012-07-30,0.218411669
2012-07-31,0.871943116
2012-08-01,0.84668225
2012-08-02,#N/A
2012-08-03,-0.962437749
2012-08-06,0.055950064
2012-08-07,-0.693770349
2012-08-08,0.040334906
2012-08-09,0.052122056
2012-08-10,-0.001155734
2012-08-13,0.191227674
2012-08-14,0.241124794
2012-08-15,-0.702813387
2012-08-16,0.054446146
2012-08-17,-0.889460683
2012-08-20,0.37377581
2012-08-21,0.035341918
2012-08-22,0.818395793
2012-08-23,-0.009600915
2012-08-24,0.319891691
2012-08-27,0.774352491
2012-08-28,0.064812079
2012-08-29,-0.591748178
2012-08-30,0.041165087
2012-08-31,0.063714214
2012-09-04,0.000294633
2012-09-05,0.792671859
2012-09-06,0.028729368
2012-09-07,0.309549004
2012-09-10,0.061130404
2012-09-11,0.075369671
2012-09-12,0.000961743
2012-09-13,-0.941524506
2012-09-14,-0.528190494
2012-09-17,0.070928983
2012-09-18,0.922706425
2012-09-19,-0.905092835
2012-09-20,0.126005217
2012-09-21,-0.919601381
2012-09-24,-0.10255082
2012-09-25,0.044506878
2012-09-26,-0.172664329
2012-09-27,0.178795248
2012-09-28,-0.89171052
2012-10-01,-0.06625437
2012-10-02,-0.81174624
2012-10-03,-0.022338504
2012-10-04,-0.063824832
2012-10-05,-0.621913314
2012-10-08,0.459467351
2012-10-09,0.281369269
2012-10-10,0.934166312
2012-10-11,-0.562701404
2012-10-12,0.078999892
2012-10-15,0.090748705
2012-10-16,0.632470131
2012-10-17,0.076412618
2012-10-18,0.287383318
2012-10-19,-0.899261832
2012-10-22,0.286100656
2012-10-23,0.902526557
2012-10-24,-0.954564869
2012-10-25,0.762687802
2012-10-26,0.915039241
2012-10-31,0.866541207
2012-11-01,0.151285484
2012-11-02,-0.100166388
2012-11-05,0.232295528
2012-11-06,0.313708544
2012-11-07,-0.961278081
2012-11-08,-0.425179005
2012-11-09,-0.196525037
2012-11-12,-0.966509998
2012-11-13,0.058360431
2012-11-14,0.639528632
2012-11-15,0.258263558
2012-11-16,0.449165672
2012-11-19,0.027612843
2012-11-20,0.006759094
2012-11-21,0.041463986
2012-11-23,-0.717095912
2012-11-26,-0.967862666
2012-11-27,0.039338872
2012-11-28,0.072920486
2012-11-29,0.031001007
2012-11-30,0.72494632
2012-12-03,0.043031704
2012-12-04,0.918385148
2012-12-05,0.857435048
2012-12-06,0.830048144
2012-12-07,-0.759350419
2012-12-10,0.8954162
2012-12-11,0.89443779
2012-12-12,0.024924463
2012-12-13,-0.760757089
2012-12-14,-0.114234716
2012-12-17,0.458579034
2012-12-18,-0.327082783
2012-12-19,0.032055065
2012-12-20,0.348820657
2012-12-21,-0.907782376
2012-12-24,0.040718131
2012-12-26,0.349009067
2012-12-27,-0.95981276
2012-12-28,0.01555115
2012-12-31,-0.245045483
2013-01-02,0.022752035
2013-01-03,-0.040046617
2013-01-04,-0.971844971
2013-01-07,-0.570198774
2013-01-08,0.178292513
2013-01-09,-0.413573116
2013-01-10,0.87694037
2013-01-11,0.049116373
2013-01-14,0.833110869
2013-01-15,-0.813535213
2013-01-16,0.018790325
2013-01-17,#N/A
2013-01-18,0.056692675
2013-01-22,0.060224619
2013-01-23,-0.934496224
2013-01-24,0.015039634
2013-01-25,-0.023958264
2013-01-28,#N/A
2013-01-29,0.108385392
2013-01-30,0.908985436
2013-01-31,0.807688653
2013-02-01,0.046802849
2013-02-04,-0.963624716
2013-02-05,-0.37707907
2013-02-06,0.082119815
2013-02-07,0.046004683
2013-02-08,-0.667673051
2013-02-11,0.920639694
2013-02-12,-0.890566289
2013-02-13,-0.010046134
2013-02-14,-0.354112834
2013-02-15,0.49246332
2013-02-19,-0.559144258
2013-02-20,0.318166822
2013-02-21,0.734460115
2013-02-22,-0.782375216
2013-02-25,0.796840608
2013-02-26,0.934008598
2013-02-27,0.05118699
2013-02-28,0.508898318
2013-03-01,-0.904615104
2013-03-04,-0.972060084
2013-03-05,-0.919734061
2013-03-06,-0.933896363
2013-03-07,-0.954505265
2013-03-08,-0.00047645
2013-03-11,0.910649002
2013-03-12,-0.94062686
2013-03-13,-0.525683165
2013-03-14,0.819384456
2013-03-15,0.206249535
2013-03-18,0.077268027
2013-03-19,0.320873022
2013-03-20,0.751739323
2013-03-21,0.648778617
2013-03-22,0.519413352
2013-03-25,0.611143649
2013-03-26,0.183006749
2013-03-27,-0.654071987
2013-03-28,0.032139391
2013-04-01,0.834427834
2013-04-02,0.249862552
2013-04-03,-0.958527088
2013-04-04,0.002917156
2013-04-05,0.741219938
2013-04-08,-0.496654242
2013-04-09,0.357885957
2013-04-10,-0.974195242
2013-04-11,-0.206621438
2013-04-12,0.278134704
2013-04-15,0.012810061
2013-04-16,-0.942491651
2013-04-17,0.922299981
2013-04-18,-0.841405392
2013-04-19,#N/A
2013-04-22,0.038996205
2013-04-23,0.271961093
2013-04-24,0.281736493
2013-04-25,0.937807024
2013-04-26,0.833070576
2013-04-29,-0.817352235
2013-04-30,0.734019637
2013-05-01,0.336439997
2013-05-02,#N/A
2013-05-03,0.630056977
2013-05-06,0.021836527
2013-05-07,0.934879005
2013-05-08,0.657585204
2013-05-09,#N/A
2013-05-10,0.074829094
2013-05-13,0.028601127
2013-05-14,-0.957064807
2013-05-15,0.671471834
2013-05-16,-0.018314676
2013-05-17,-0.534400225
2013-05-20,0.627519608
2013-05-21,0.41982162
2013-05-22,-0.962660909
2013-05-23,0.01851929
2013-05-24,0.128014848
2013-05-28,0.715758026
2013-05-29,-0.514926434
2013-05-30,0.697499812
2013-05-31,0.102783009
2013-06-03,0.654334307
2013-06-04,-0.530163288
2013-06-05,0.502679408
2013-06-06,0.713380098
2013-06-07,-0.923760355
2013-06-10,0.242564887
2013-06-11,0.084909625
2013-06-12,#N/A
2013-06-13,0.786100864
2013-06-14,0.067857258
2013-06-17,0.48346436
2013-06-18,0.090109199
2013-06-19,0.508304894
2013-06-20,#N/A
2013-06-21,0.435336053
2013-06-24,0.86478585
2013-06-25,0.519727588
2013-06-26,#N/A
2013-06-27,0.052512795
2013-06-28,#N/A
2013-07-01,0.013739491
2013-07-02,0.049778096
2013-07-03,#N/A
2013-07-05,-0.083875969
2013-07-08,-0.967824638
2013-07-09,-0.874019027
2013-07-10,-0.00863559
2013-07-11,0.714670062
2013-07-12,0.93675983
2013-07-15,0.113056295
2013-07-16,0.192610011
2013-07-17,0.115699895
2013-07-18,0.046517666
2013-07-19,0.41264385
2013-07-22,0.074162319
2013-07-23,-0.967429042
2013-07-24,0.523355126
2013-07-25,-0.970474243
2013-07-26,0.933042824
2013-07-29,-0.842206895
2013-07-30,-0.041412611
2013-07-31,0.326135874
2013-08-01,-0.073878348
2013-08-02,-0.256514877
2013-08-05,-0.960459292
2013-08-06,#N/A
2013-08-07,0.847444296
2013-08-08,0.034855008
2013-08-09,-0.674491644
2013-08-12,0.106756769
2013-08-13,0.186588198
2013-08-14,0.037974976
2013-08-15,-0.682779253
2013-08-16,0.152122915
2013-08-19,-0.012636006
2013-08-20,0.050508317
2013-08-21,0.278114498
2013-08-22,0.046506219
2013-08-23,-0.746443808
2013-08-26,7.64e-05
2013-08-27,#N/A
2013-08-28,0.157639042
2013-08-29,-0.01267257
2013-08-30,-0.835830748
2013-09-03,0.126007557
2013-09-04,-0.146748871
2013-09-05,-0.004982732
2013-09-06,0.172425836
2013-09-09,0.040581845
2013-09-10,-0.946269214
2013-09-11,0.06325525
2013-09-12,0.805583417
2013-09-13,-0.951452374
2013-09-16,-0.747887135
2013-09-17,-0.949663579
2013-09-18,0.005822213
2013-09-19,-0.92545414
2013-09-20,0.00598192
2013-09-23,-0.755083025
2013-09-24,0.007223859
2013-09-25,0.091166332
2013-09-26,-0.45759356
2013-09-27,#N/A
2013-09-30,0.089097872
2013-10-01,-0.230140746
2013-10-02,-0.862249374
2013-10-03,0.35399428
2013-10-04,-0.007988503
2013-10-07,-0.053098679
2013-10-08,0.026479976
2013-10-09,-0.972923696
2013-10-10,-0.956523478
2013-10-11,-0.260124505
2013-10-14,-0.053448699
2013-10-15,0.129562691
2013-10-16,-0.947149515
2013-10-17,0.300333023
2013-10-18,-0.385207832
2013-10-21,0.831643403
2013-10-22,0.018915532
2013-10-23,0.073717587
2013-10-24,0.043217249
2013-10-25,#N/A
2013-10-28,-0.889542341
2013-10-29,-0.948111713
2013-10-30,-0.964102685
2013-10-31,0.732575476
2013-11-01,0.832018435
2013-11-04,0.473690629
2013-11-05,-0.049441226
2013-11-06,#N/A
2013-11-07,-0.024103593
2013-11-08,#N/A
2013-11-11,0.014912572
2013-11-12,0.165677235
2013-11-13,-0.011150403
2013-11-14,0.129426152
2013-11-15,0.300020993
2013-11-18,0.095023736
2013-11-19,#N/A
2013-11-20,#N/A
2013-11-21,0.426486224
2013-11-22,#N/A
2013-11-25,0.042397469
2013-11-26,0.585881829
2013-11-27,-0.115211666
2013-11-29,0.935724378
2013-12-02,0.117011055
2013-12-03,-0.869046986
2013-12-04,0.184588611
2013-12-05,0.302915424
2013-12-06,#N/A
2013-12-09,0.041517302
2013-12-10,-0.783661962
2013-12-11,#N/A
2013-12-12,#N/A
2013-12-13,-0.96125412
2013-12-16,0.790753484
2013-12-17,-0.000905188
2013-12-18,-0.216074169
2013-12-19,#N/A
2013-12-20,#N/A
2013-12-23,0.192401901
2013-12-24,0.019141998
2013-12-26,#N/A
2013-12-27,0.164679497
2013-12-30,-0.285857767
2013-12-31,#N/A
2014-01-02,0.065190747
2014-01-03,#N/A
2014-01-06,-0.798231483
2014-01-07,0.33321619
2014-01-08,#N/A
2014-01-09,0.246106058
2014-01-10,#N/A
2014-01-13,0.675968885
2014-01-14,-0.009480413
2014-01-15,0.564905703
2014-01-16,#N/A
2014-01-17,-0.947675705
2014-01-21,#N/A
2014-01-22,0.368975312
2014-01-23,0.110141419
2014-01-24,0.048405778
2014-01-27,-0.937108517
2014-01-28,0.460016817
2014-01-29,#N/A
2014-01-30,0.266134679
2014-01-31,#N/A
2014-02-03,0.005830921
2014-02-04,#N/A
2014-02-05,#N/A
2014-02-06,0.010607785
2014-02-07,0.420631468
2014-02-10,-0.194392458
2014-02-11,-0.062182434
2014-02-12,0.195517048
2014-02-13,-0.059689295
2014-02-14,#N/A
2014-02-18,-0.934875607
2014-02-19,#N/A
2014-02-20,-0.920231402
2014-02-21,0.07915359
2014-02-24,0.452323794
2014-02-25,#N/A
2014-02-26,0.044070948
2014-02-27,#N/A
2014-02-28,0.106628142
2014-03-03,-0.004680661
2014-03-04,-0.133253202
2014-03-05,-0.95561415
2014-03-06,-0.847549319
2014-03-07,-0.956213892
2014-03-10,#N/A
2014-03-11,-0.007919878
2014-03-12,#N/A
2014-03-13,0.038302641
2014-03-14,#N/A
2014-03-17,0.357840151
2014-03-18,-0.047322415
2014-03-19,#N/A
2014-03-20,0.621745825
2014-03-21,0.058274671
2014-03-24,0.013093531
2014-03-25,#N/A
2014-03-26,#N/A
2014-03-27,#N/A
2014-03-28,0.263394326
2014-03-31,-0.028188042
2014-04-01,0.463965178
2014-04-02,#N/A
2014-04-03,#N/A
2014-04-04,#N/A
2014-04-07,0.027387157
2014-04-08,0.000659678
2014-04-09,-0.076638117
2014-04-10,0.399957061
2014-04-11,#N/A
2014-04-14,0.613356292
2014-04-15,#N/A
2014-04-16,#N/A
2014-04-17,#N/A
2014-04-21,-0.053599149
2014-04-22,0.008443061
2014-04-23,0.210252866
2014-04-24,0.040101577
2014-04-25,0.023271903
2014-04-28,0.633837104
2014-04-29,-0.002913009
2014-04-30,#N/A
2014-05-01,#N/A
2014-05-02,0.129465997
2014-05-05,#N/A
2014-05-06,#N/A
2014-05-07,#N/A
2014-05-08,0.170082062
2014-05-09,0.010285588
2014-05-12,0.264895886
2014-05-13,#N/A
2014-05-14,0.425002515
2014-05-15,#N/A
2014-05-16,0.089656256
2014-05-19,0.235444546
2014-05-20,#N/A
2014-05-21,0.842237651
2014-05-22,0.076822072
2014-05-23,-0.730190873
2014-05-27,0.03184098
2014-05-28,0.035669539
2014-05-29,-0.003509477
2014-05-30,0.803633034
2014-06-02,-0.017365793
2014-06-03,-0.833455205
2014-06-04,#N/A
2014-06-05,#N/A
2014-06-06,-0.032686464
2014-06-09,0.660640478
2014-06-10,0.293214679
2014-06-11,#N/A
2014-06-12,#N/A
2014-06-13,#N/A
2014-06-16,#N/A
2014-06-17,-0.291134
2014-06-18,0.002436936
2014-06-19,0.042048533
2014-06-20,0.068663418
2014-06-23,0.019419607
2014-06-24,#N/A
2014-06-25,-0.146601826
2014-06-26,-0.023459304
2014-06-27,#N/A
2014-06-30,0.845493436
2014-07-01,-0.003778338
2014-07-02,#N/A
2014-07-03,#N/A
2014-07-07,0.064017475
2014-07-08,-0.169252843
2014-07-09,-0.073391154
2014-07-10,-0.148694515
2014-07-11,-0.003535617
2014-07-14,-0.927491307
2014-07-15,0.074124277
2014-07-16,0.2530213
2014-07-17,-0.438904762
2014-07-18,#N/A
2014-07-21,#N/A
2014-07-22,0.009351484
2014-07-23,0.197681874
2014-07-24,#N/A
2014-07-25,-0.215364903
2014-07-28,0.080398053
2014-07-29,-0.818059146
2014-07-30,#N/A
2014-07-31,0.019350968
2014-08-01,0.042641606
2014-08-04,0.717967093
2014-08-05,-0.576734364
2014-08-06,-0.069820747
2014-08-07,#N/A
2014-08-08,-0.847533584
2014-08-11,#N/A
2014-08-12,0.461331427
2014-08-13,#N/A
2014-08-14,#N/A
2014-08-15,0.028857665
2014-08-18,0.679432631
2014-08-19,0.036182553
2014-08-20,#N/A
2014-08-21,0.019387089
2014-08-22,-0.963115752
2014-08-25,#N/A
2014-08-26,0.029910261
2014-08-27,0.152516484
2014-08-28,0.066894166
2014-08-29,-0.07243257
2014-09-02,0.30813688
2014-09-03,-0.649077296
2014-09-04,0.108001612
2014-09-05,-0.098562442
2014-09-08,0.852651834
2014-09-09,0.023149315
2014-09-10,-0.908925295
2014-09-11,-0.170448303
2014-09-12,-0.293065131
2014-09-15,-0.068664804
2014-09-16,-0.031785443
2014-09-17,0.6256935
2014-09-18,#N/A
2014-09-19,0.116530694
2014-09-22,0.030609336
2014-09-23,#N/A
2014-09-24,-0.020550588
2014-09-25,-0.716403365
2014-09-26,-0.313402742
2014-09-29,-0.88384819
2014-09-30,0.793410838
2014-10-01,0.050289705
2014-10-02,0.567768574
2014-10-03,0.039000746
2014-10-06,-0.149111152
2014-10-07,0.000839086
2014-10-08,-0.966243625
2014-10-09,-0.859242797
2014-10-10,-0.895617247
2014-10-13,0.300094306
2014-10-14,#N/A
2014-10-15,-0.91696924
2014-10-16,0.017019238
2014-10-17,#N/A
2014-10-20,-0.01487736
2014-10-21,-0.187459022
2014-10-22,#N/A
2014-10-23,0.208605379
2014-10-24,0.28074497
2014-10-27,-0.842256486
2014-10-28,0.046381708
2014-10-29,#N/A
2014-10-30,#N/A
2014-10-31,#N/A
2014-11-03,0.064668439
2014-11-04,0.376567721
2014-11-05,#N/A
2014-11-06,#N/A
2014-11-07,#N/A
2014-11-10,#N/A
2014-11-11,0.84577173
2014-11-12,0.137467116
2014-11-13,#N/A
2014-11-14,#N/A
2014-11-17,-0.067626789
2014-11-18,#N/A
2014-11-19,-0.010193599
2014-11-20,0.426727772
2014-11-21,#N/A
2014-11-24,-0.169717014
2014-11-25,0.176658809
2014-11-26,#N/A
2014-11-28,#N/A
2014-12-01,-0.770603538
2014-12-02,-0.921097338
2014-12-03,#N/A
2014-12-04,#N/A
2014-12-05,-0.697262526
2014-12-08,#N/A
2014-12-09,#N/A
2014-12-10,0.181114644
2014-12-11,#N/A
2014-12-12,#N/A
2014-12-15,0.045714572
2014-12-16,-0.317186952
2014-12-17,#N/A
2014-12-18,#N/A
2014-12-19,-0.562862337
2014-12-22,#N/A
2014-12-23,0.12775299
2014-12-24,#N/A
2014-12-26,#N/A
2014-12-29,#N/A
2014-12-30,-0.001845568
2014-12-31,-0.655132115
2015-01-02,#N/A
2015-01-05,0.028669134
2015-01-06,0.403193772
2015-01-07,-0.724692404
2015-01-08,0.916926742
2015-01-09,#N/A
2015-01-12,0.622374058
2015-01-13,-0.959949672
2015-01-14,-0.07150431
2015-01-15,-0.944961548
2015-01-16,#N/A
2015-01-20,#N/A
2015-01-21,#N/A
2015-01-22,0.020999094
2015-01-23,#N/A
2015-01-26,0.312370121
2015-01-27,0.081170723
2015-01-28,0.791710734
2015-01-29,0.451493084
2015-01-30,#N/A
2015-02-02,0.028767563
2015-02-03,#N/A
2015-02-04,0.099320978
2015-02-05,#N/A
2015-02-06,#N/A
2015-02-09,#N/A
2015-02-10,-0.0250929
2015-02-11,-0.397260755
2015-02-12,#N/A
2015-02-13,-0.061455235
2015-02-17,0.200778946
2015-02-18,#N/A
2015-02-19,0.200745285
2015-02-20,#N/A
2015-02-23,-0.213099688
2015-02-24,#N/A
2015-02-25,-0.783803761
2015-02-26,0.039581254
2015-02-27,-0.83798784
2015-03-02,#N/A
2015-03-03,0.022693463
2015-03-04,-0.949163616
2015-03-05,-0.884013832
2015-03-06,-0.536466002
2015-03-09,0.047128666
2015-03-10,0.589499891
2015-03-11,-0.784916997
2015-03-12,#N/A
2015-03-13,#N/A
2015-03-16,-0.002666743
2015-03-17,#N/A
2015-03-18,#N/A
2015-03-19,#N/A
2015-03-20,0.050186791
2015-03-23,-0.953879178
2015-03-24,0.060759496
2015-03-25,#N/A
2015-03-26,0.696640193
2015-03-27,0.055639818
2015-03-30,0.41628781
2015-03-31,#N/A
2015-04-01,0.842937589
2015-04-02,#N/A
2015-04-06,#N/A
2015-04-07,0.038059864
2015-04-08,-0.856646061
2015-04-09,-0.967638612
2015-04-10,-0.934875131
2015-04-13,0.508798361
2015-04-14,0.060555451
2015-04-15,#N/A
2015-04-16,0.081770152
2015-04-17,0.136489168
2015-04-20,#N/A
2015-04-21,#N/A
2015-04-22,#N/A
2015-04-23,-0.765321255
2015-04-24,#N/A
2015-04-27,0.122718602
2015-04-28,0.313509375
2015-04-29,-0.037171829
2015-04-30,#N/A
2015-05-01,#N/A
2015-05-04,#N/A
2015-05-05,#N/A
2015-05-06,0.039511845
2015-05-07,0.04733799
2015-05-08,#N/A
2015-05-11,-0.962250412
2015-05-12,#N/A
2015-05-13,0.091723412
2015-05-14,0.91320616
2015-05-15,#N/A
2015-05-18,-0.559276819
2015-05-19,-0.839719594
2015-05-20,0.46988523
2015-05-21,0.00672424
2015-05-22,0.063339807
2015-05-26,#N/A
2015-05-27,0.142716244
2015-05-28,#N/A
2015-05-29,#N/A
2015-06-01,0.111862287
2015-06-02,#N/A
2015-06-03,-0.936460793
2015-06-04,0.850735545
2015-06-05,0.00693237
2015-06-08,-0.013530359
2015-06-09,#N/A
2015-06-10,-0.247653171
2015-06-11,0.469585091
2015-06-12,#N/A
2015-06-15,#N/A
2015-06-16,0.410353035
2015-06-17,#N/A
2015-06-18,0.050573364
2015-06-19,0.892886579
2015-06-22,0.03468971
2015-06-23,0.701625347
2015-06-24,0.710837722
2015-06-25,#N/A
2015-06-26,#N/A
2015-06-29,#N/A
2015-06-30,-0.936228991
2015-07-01,-0.234468505
2015-07-02,#N/A
2015-07-06,#N/A
2015-07-07,#N/A
2015-07-08,0.077288836
2015-07-09,-0.973867118
2015-07-10,#N/A
2015-07-13,-0.708501875
2015-07-14,0.10373418
2015-07-15,#N/A
2015-07-16,#N/A
2015-07-17,#N/A
2015-07-20,0.666247785
2015-07-21,-0.048304059
2015-07-22,-0.59537375
2015-07-23,#N/A
2015-07-24,#N/A
2015-07-27,0.490297318
2015-07-28,#N/A
2015-07-29,#N/A
2015-07-30,0.094520062
2015-07-31,#N/A
2015-08-03,0.245305106
2015-08-04,-0.961015344
2015-08-05,-0.7953192
2015-08-06,#N/A
2015-08-07,0.029416934
2015-08-10,0.702431083
2015-08-11,-0.897959471
2015-08-12,#N/A
2015-08-13,0.028991854
2015-08-14,0.040736891
2015-08-17,#N/A
2015-08-18,#N/A
2015-08-19,#N/A
2015-08-20,0.045390129
2015-08-21,0.901768565
2015-08-24,-0.910848081
2015-08-25,0.65999949
2015-08-26,0.885088444
2015-08-27,0.062694103
2015-08-28,0.014518872
2015-08-31,0.706940353
2015-09-01,0.13858217
2015-09-02,0.171860024
2015-09-03,#N/A
2015-09-04,0.712834775
2015-09-08,#N/A
2015-09-09,0.779463649
2015-09-10,0.1499843
2015-09-11,#N/A
2015-09-14,0.247119695
2015-09-15,#N/A
2015-09-16,0.831264317
2015-09-17,#N/A
2015-09-18,0.270984083
2015-09-21,0.669915438
2015-09-22,0.102158889
2015-09-23,#N/A
2015-09-24,#N/A
2015-09-25,0.406861544
2015-09-28,0.190504491
2015-09-29,#N/A
2015-09-30,0.533660829
2015-10-01,-0.021685399
2015-10-02,0.060627047
2015-10-05,#N/A
2015-10-06,#N/A
2015-10-07,#N/A
2015-10-08,-0.963953972
2015-10-09,0.027652275
2015-10-12,#N/A
2015-10-13,0.38747707
2015-10-14,#N/A
2015-10-15,#N/A
2015-10-16,0.738641739
2015-10-19,#N/A
2015-10-20,0.01504219
2015-10-21,-0.049478918
2015-10-22,#N/A
2015-10-23,0.022330213
2015-10-26,-0.967175245
2015-10-27,0.010261238
2015-10-28,0.866578341
2015-10-29,#N/A
2015-10-30,#N/A
2015-11-02,#N/A
2015-11-03,0.862712622
2015-11-04,#N/A
2015-11-05,0.021399759
2015-11-06,#N/A
2015-11-09,0.098945245
2015-11-10,-0.876116514
2015-11-11,0.038776327
2015-11-12,#N/A
2015-11-13,#N/A
2015-11-16,#N/A
2015-11-17,#N/A
2015-11-18,0.451508522
2015-11-19,0.719644547
2015-11-20,-0.514655352
2015-11-23,0.061686721
2015-11-24,#N/A
2015-11-25,0.300678402
2015-11-27,#N/A
2015-11-30,0.208619595
2015-12-01,0.896760523
2015-12-02,#N/A
2015-12-03,0.023536589
2015-12-04,-0.373025596
2015-12-07,#N/A
2015-12-08,-0.936117887
2015-12-09,#N/A
2015-12-10,0.733953238
2015-12-11,#N/A
2015-12-14,-0.962468982
2015-12-15,-0.888540745
2015-12-16,#N/A
2015-12-17,0.002101764
2015-12-18,#N/A
2015-12-21,0.577606261
2015-12-22,#N/A
2015-12-23,#N/A
2015-12-24,#N/A
2015-12-28,#N/A
2015-12-29,#N/A
2015-12-30,0.034225915
2015-12-31,#N/A
2016-01-04,0.902003288
2016-01-05,-0.95992285
2016-01-06,0.200702518
2016-01-07,0.007624321
2016-01-08,-0.927947521
2016-01-11,-0.389148116
2016-01-12,-0.965479314
2016-01-13,#N/A
2016-01-14,#N/A
2016-01-15,-0.655134797
2016-01-19,0.538994133
2016-01-20,#N/A
2016-01-21,#N/A
2016-01-22,-0.275952071
2016-01-25,-0.957863808
2016-01-26,0.006781908
2016-01-27,-0.888141632
2016-01-28,#N/A
2016-01-29,0.306803256
2016-02-01,0.099729344
2016-02-02,0.038666107
2016-02-03,0.784677863
2016-02-04,#N/A
2016-02-05,#N/A
2016-02-08,0.232228637
2016-02-09,#N/A
2016-02-10,#N/A
2016-02-11,-0.880251884
2016-02-12,0.110409804
2016-02-16,0.016862934
2016-02-17,0.004683316
2016-02-18,-0.469814003
2016-02-19,-0.871519923
2016-02-22,0.089999594
2016-02-23,#N/A
2016-02-24,0.018131286
2016-02-25,-0.766752005
2016-02-26,0.042542025
2016-02-29,#N/A
2016-03-01,-0.859285653
2016-03-02,0.02531727
2016-03-03,0.729186296
2016-03-04,#N/A
2016-03-07,0.04748705
2016-03-08,-0.361658335
2016-03-09,#N/A
2016-03-10,0.044211462
2016-03-11,#N/A
2016-03-14,#N/A
2016-03-15,0.10594739
2016-03-16,0.069560274
2016-03-17,#N/A
2016-03-18,0.065827519
2016-03-21,0.676716089
2016-03-22,0.088858038
2016-03-23,-0.951092064
2016-03-24,0.860816777
2016-03-28,#N/A
2016-03-29,#N/A
2016-03-30,-0.043350853
2016-03-31,0.019850647
2016-04-01,#N/A
2016-04-04,0.104898117
2016-04-05,#N/A
2016-04-06,#N/A
2016-04-07,#N/A
2016-04-08,#N/A
2016-04-11,#N/A
2016-04-12,#N/A
2016-04-13,-0.947509408
2016-04-14,#N/A
2016-04-15,-0.916736424
2016-04-18,0.855188429
2016-04-19,-0.042595513
2016-04-20,-0.872107029
2016-04-21,#N/A
2016-04-22,-0.962458551
2016-04-25,0.49847579
2016-04-26,0.018339567
2016-04-27,#N/A
2016-04-28,-0.071603335
2016-04-29,#N/A
2016-05-02,0.00247965
2016-05-03,-0.373813093
2016-05-04,0.011896838
2016-05-05,0.845360875
2016-05-06,#N/A
2016-05-09,#N/A
2016-05-10,#N/A
2016-05-11,#N/A
2016-05-12,-0.943726838
2016-05-13,0.021148859
2016-05-16,0.097367056
2016-05-17,#N/A
2016-05-18,#N/A
2016-05-19,0.270365059
2016-05-20,#N/A
2016-05-23,0.837764859
2016-05-24,0.60013175
2016-05-25,-0.804921806
2016-05-26,0.187373757
2016-05-27,#N/A
2016-05-31,0.203554779
2016-06-01,#N/A
2016-06-02,0.024764031
2016-06-03,#N/A
2016-06-06,#N/A
2016-06-07,#N/A
2016-06-08,-0.047416449
2016-06-09,-0.97108525
2016-06-10,0.05179029
2016-06-13,0.047409736
2016-06-14,#N/A
2016-06-15,0.343500346
2016-06-16,#N/A
2016-06-17,0.920151949
2016-06-20,0.148629427
2016-06-21,#N/A
2016-06-22,#N/A
2016-06-23,#N/A
2016-06-24,#N/A
2016-06-27,#N/A
2016-06-28,#N/A
2016-06-29,#N/A
2016-06-30,0.317515254
2016-07-01,0.06475912
2016-07-05,#N/A
2016-07-06,-0.596785188
2016-07-07,#N/A
2016-07-08,#N/A
2016-07-11,#N/A
2016-07-12,#N/A
2016-07-13,#N/A
2016-07-14,#N/A
2016-07-15,-0.029785313
2016-07-18,0.13284485
2016-07-19,0.023088969
2016-07-20,#N/A
2016-07-21,#N/A
2016-07-22,-0.461329132
2016-07-25,0.031185575
2016-07-26,0.497597694
2016-07-27,0.320430309
2016-07-28,-0.911570013
2016-07-29,-0.845616758
2016-08-01,#N/A
2016-08-02,0.032430828
2016-08-03,-0.081768379
2016-08-04,0.769236267
2016-08-05,0.204097226
2016-08-08,0.050299849
2016-08-09,#N/A
2016-08-10,0.029946025
2016-08-11,#N/A
2016-08-12,#N/A
2016-08-15,0.891326308
2016-08-16,-0.896029532
2016-08-17,-0.968639195
2016-08-18,0.726138651
2016-08-19,0.770115614
2016-08-22,0.170689479
2016-08-23,#N/A
2016-08-24,#N/A
2016-08-25,-0.852421284
2016-08-26,-0.836329341
2016-08-29,0.203313142
2016-08-30,0.09557645
2016-08-31,-0.088477448
2016-09-01,0.032054964
2016-09-02,-0.750484347
2016-09-06,#N/A
2016-09-07,0.034710318
2016-09-08,0.576032877
2016-09-09,0.112524912
2016-09-12,0.025969855
2016-09-13,-0.070392862
2016-09-14,0.663084447
2016-09-15,0.301095486
2016-09-16,0.905733407
2016-09-19,-0.760283589
2016-09-20,0.406469584
2016-09-21,0.063811898
2016-09-22,0.401973903
2016-09-23,-0.243464559
2016-09-26,-0.415913641
2016-09-27,#N/A
2016-09-28,0.823169708
2016-09-29,-0.890146196
2016-09-30,0.352002591
2016-10-03,-0.188843668
2016-10-04,0.027498338
2016-10-05,0.299057424
2016-10-06,-0.939935982
2016-10-07,0.147861585
2016-10-10,-0.881671429
2016-10-11,0.04665301
2016-10-12,0.18378827
2016-10-13,0.205728501
2016-10-14,4.36e-05
2016-10-17,-0.059298068
2016-10-18,0.144852355
2016-10-19,0.018595595
2016-10-20,0.079087175
2016-10-21,-0.084354773
2016-10-24,-0.056299709
2016-10-25,0.0215616
2016-10-26,-0.748599887
2016-10-27,0.402186841
2016-10-28,0.595405698
2016-10-31,0.354422688
2016-11-01,0.05533421
2016-11-02,-0.300816894
2016-11-03,-0.095346451
2016-11-04,-0.138489366
2016-11-07,-0.966400325
2016-11-08,-0.762204349
2016-11-09,-0.145766452
2016-11-10,-0.770937562
2016-11-11,0.161114961
2016-11-14,0.101072788
2016-11-15,#N/A
2016-11-16,#N/A
2016-11-17,-0.876451552
2016-11-18,0.213503703
2016-11-21,0.149600804
2016-11-22,-0.02557921
2016-11-23,#N/A
2016-11-25,#N/A
2016-11-28,0.020469919
2016-11-29,#N/A
2016-11-30,-0.917196214
2016-12-01,0.133357376
2016-12-02,#N/A
2016-12-05,-0.880324841
2016-12-06,-0.384693772
2016-12-07,-0.450875372
2016-12-08,#N/A
2016-12-09,0.06994886
2016-12-12,0.137731582
2016-12-13,0.046637431
2016-12-14,#N/A
2016-12-15,0.695282161
2016-12-16,0.078403577
2016-12-19,0.001776986
2016-12-20,0.085122861
2016-12-21,-0.913945496
2016-12-22,#N/A
2016-12-23,0.090004876
2016-12-27,0.007375099
2016-12-28,#N/A
2016-12-29,-0.959386706
2016-12-30,-0.904054344
2017-01-03,0.124378622
2017-01-04,-0.400568545
2017-01-05,0.593436539
2017-01-06,0.248083115
2017-01-09,0.204219475
2017-01-10,0.065363668
2017-01-11,-0.020802855
2017-01-12,0.108253583
2017-01-13,0.142327189
2017-01-17,0.057022896
2017-01-18,#N/A
2017-01-19,0.047469538
2017-01-20,-0.86643672
2017-01-23,0.780276775
2017-01-24,-0.121959992
2017-01-25,-0.849569201
2017-01-26,#N/A
2017-01-27,0.636929035
2017-01-30,-0.16145359
2017-01-31,0.0215616
2017-02-01,0.642656088
2017-02-02,0.611215055
2017-02-03,0.103696093
2017-02-06,-0.432651341
2017-02-07,0.662417054
2017-02-08,0.248280644
2017-02-09,#N/A
2017-02-10,-0.224409997
2017-02-13,-0.86754787
2017-02-14,0.639542282
2017-02-15,#N/A
2017-02-16,-0.012906507
2017-02-17,0.069277748
2017-02-21,0.071746573
2017-02-22,0.151273116
2017-02-23,#N/A
2017-02-24,#N/A
2017-02-27,0.484266937
2017-02-28,0.437167883
2017-03-01,-0.647013485
2017-03-02,-0.895549715
2017-03-03,0.348386943
2017-03-06,0.566367686
2017-03-07,#N/A
2017-03-08,-0.545093656
2017-03-09,#N/A
2017-03-10,#N/A
2017-03-13,#N/A
2017-03-14,-0.823557258
2017-03-15,0.36072436
2017-03-16,-0.671689391
2017-03-17,0.063796431
2017-03-20,0.753276765
2017-03-21,0.078700736
2017-03-22,#N/A
2017-03-23,0.059100799
2017-03-24,0.308509886
2017-03-27,0.042140901
2017-03-28,#N/A
2017-03-29,0.399865478
2017-03-30,-0.74552387
2017-03-31,0.077539682
2017-04-03,0.189674854
2017-04-04,0.067151107
2017-04-05,#N/A
2017-04-06,0.00713715
2017-04-07,-0.002889566
2017-04-10,-0.171631545
2017-04-11,0.663511038
2017-04-12,-0.018369243
2017-04-13,0.103689432
2017-04-17,#N/A
2017-04-18,#N/A
2017-04-19,#N/A
2017-04-20,0.418702304
2017-04-21,0.160752222
2017-04-24,0.001456778
2017-04-25,0.0368926
2017-04-26,#N/A
2017-04-27,0.014624057
2017-04-28,0.094245598
2017-05-01,#N/A
2017-05-02,-0.966014922
2017-05-03,0.743036032
2017-05-04,#N/A
2017-05-05,0.782087684
2017-05-08,0.383413941
2017-05-09,#N/A
2017-05-10,-0.849820018
2017-05-11,0.050652966
2017-05-12,-0.042997621
2017-05-15,0.571423173
2017-05-16,#N/A
2017-05-17,0.575543702
2017-05-18,0.13415888
2017-05-19,-0.287867546
2017-05-22,#N/A
2017-05-23,0.625178099
2017-05-24,#N/A
2017-05-25,-0.832648337
2017-05-26,0.024278671
2017-05-30,-0.502245724
2017-05-31,0.141849294
2017-06-01,0.163715094
2017-06-02,0.272883862
2017-06-05,0.031264775
2017-06-06,0.078585997
2017-06-07,0.030601922
2017-06-08,0.663989902
2017-06-09,-0.956461668
2017-06-12,-0.954887748
2017-06-13,0.299696565
2017-06-14,0.740693629
2017-06-15,-0.278929412
2017-06-16,-0.013736002
2017-06-19,0.167477161
2017-06-20,-0.838437557
2017-06-21,0.222592548
2017-06-22,0.115093701
2017-06-23,-0.889852762
2017-06-26,0.301996231
2017-06-27,0.004416697
2017-06-28,0.626919389
2017-06-29,#N/A
2017-06-30,#N/A
2017-07-03,-0.910080075
2017-07-05,-0.257613629
2017-07-06,-0.824442089
2017-07-07,0.06945762
2017-07-10,0.026178064
2017-07-11,-0.887543797
2017-07-12,-0.970774114
2017-07-13,-0.206381768
2017-07-14,0.005861357
2017-07-17,0.042703629
2017-07-18,#N/A
2017-07-19,-0.934658468
2017-07-20,0.0251972
2017-07-21,0.103146926
2017-07-24,0.841523528
2017-07-25,0.25156948
2017-07-26,0.055874024
2017-07-27,#N/A
2017-07-28,0.1109621
2017-07-31,-0.718491793
2017-08-01,-0.160920605
2017-08-02,0.527036428
2017-08-03,0.036167748
2017-08-04,-0.954486609
2017-08-07,0.048943702
2017-08-08,0.215155512
2017-08-09,0.539315403
2017-08-10,0.282079488
2017-08-11,0.505102575
2017-08-14,0.500179589
2017-08-15,0.076605499
2017-08-16,-0.0582841
2017-08-17,0.015142596
2017-08-18,0.033003375
2017-08-21,0.095205255
2017-08-22,0.109412737
2017-08-23,-0.960071564
2017-08-24,0.055697881
2017-08-25,0.019616494
2017-08-28,0.01496996
2017-08-29,-0.943173945
2017-08-30,0.133348554
2017-08-31,-0.959339321
2017-09-01,-0.328788996
2017-09-05,0.037124358
2017-09-06,-0.210957453
2017-09-07,-0.914945245
2017-09-08,-0.936897516
2017-09-11,-0.923238397
2017-09-12,0.028219093
2017-09-13,0.128309295
2017-09-14,-0.888396621
2017-09-15,-0.009655597
2017-09-18,-0.021076981
2017-09-19,0.061476558
2017-09-20,-0.038144495
2017-09-21,-0.422912598
2017-09-22,0.324089676
2017-09-25,-0.025469206
2017-09-26,0.079790875
2017-09-27,-0.251064718
2017-09-28,-0.529741049
2017-09-29,0.171142936
2017-10-02,0.045421332
2017-10-03,0.074927837
2017-10-04,0.396763802
2017-10-05,-0.090018779
2017-10-06,-0.954946816
2017-10-09,0.485476404
2017-10-10,0.826679587
2017-10-11,0.027780049
2017-10-12,-0.905922651
2017-10-13,-0.924233556
2017-10-16,0.898402572
2017-10-17,0.423806399
2017-10-18,#N/A
2017-10-19,-0.953185797
2017-10-20,-0.021733791
2017-10-23,0.24668549
2017-10-24,0.116846517
2017-10-25,-0.893676877
2017-10-26,#N/A
2017-10-27,0.031263731
2017-10-30,0.717400789
2017-10-31,0.442636013
2017-11-01,-0.103107177
2017-11-02,0.816834033
2017-11-03,0.211724713
2017-11-06,0.05167675
2017-11-07,-0.592071354
2017-11-08,0.10066662
2017-11-09,0.212009013
2017-11-10,0.066315211
2017-11-13,0.056437816
2017-11-14,-0.125373304
2017-11-15,0.052382007
2017-11-16,-0.881787777
2017-11-17,-0.466505438
2017-11-20,0.009109359
2017-11-21,0.545592785
2017-11-22,0.1355896
2017-11-24,#N/A
2017-11-27,-0.957210243
2017-11-28,0.091246933
2017-11-29,0.003852256
2017-11-30,-0.813465774
2017-12-01,#N/A
2017-12-04,0.057397585
2017-12-05,0.137792841
2017-12-06,-0.957945168
2017-12-07,0.072964586
2017-12-08,0.053357568
2017-12-11,0.088633694
2017-12-12,0.039737083
2017-12-13,0.010090165
2017-12-14,#N/A
2017-12-15,-0.88814342
2017-12-18,0.750366688
2017-12-19,-0.855424941
2017-12-20,0.017346362
2017-12-21,0.066078298
2017-12-22,-0.834833801
2017-12-26,-0.126804128
2017-12-27,0.185694903
2017-12-28,-0.269801885
2017-12-29,-0.822548032
2018-01-02,0.161503956
2018-01-03,#N/A
2018-01-04,-0.067310505
2018-01-05,-0.481761754
2018-01-08,0.039839104
2018-01-09,0.654530942
2018-01-10,-0.759032249
2018-01-11,#N/A
2018-01-12,0.24611789
2018-01-16,0.884610236
2018-01-17,0.074063413
2018-01-18,-0.970439494
2018-01-19,0.065921806
2018-01-22,0.078179315
2018-01-23,-0.727554321
2018-01-24,-0.17454125
2018-01-25,0.666694999
2018-01-26,-0.297938347
2018-01-29,0.216884226
2018-01-30,-0.789348722
2018-01-31,-0.282069892
2018-02-01,-0.937497675
2018-02-02,0.12389674
2018-02-05,0.187808648
2018-02-06,0.115372382
2018-02-07,0.537877798
2018-02-08,-0.444555283
2018-02-09,#N/A
2018-02-12,0.130724147
2018-02-13,-0.876970887
2018-02-14,0.61533916
2018-02-15,0.367907315
2018-02-16,0.153978229
2018-02-20,#N/A
2018-02-21,-0.10703443
2018-02-22,0.232283935
2018-02-23,#N/A
2018-02-26,0.008854996
2018-02-27,0.026264682
2018-02-28,-0.055256322
2018-03-01,0.795825064
2018-03-02,-0.937792063
2018-03-05,-0.461870223
2018-03-06,0.781591296
2018-03-07,-0.009433728
2018-03-08,0.192588419
2018-03-09,#N/A
2018-03-12,0.837664485
2018-03-13,0.068977945
2018-03-14,-0.30850333
2018-03-15,-0.782341778
2018-03-16,-0.828627408
2018-03-19,-0.912937224
2018-03-20,0.422420025
2018-03-21,0.200861707
2018-03-22,-0.016390964
2018-03-23,0.825926065
2018-03-26,0.127885938
2018-03-27,0.026736181
2018-03-28,-0.621333361
2018-03-29,0.028239053
2018-04-02,-0.861143887
2018-04-03,0.23373878
2018-04-04,-0.040190145
2018-04-05,-0.405502677
2018-04-06,-0.838993192
2018-04-09,0.250839949
2018-04-10,-0.002350951
2018-04-11,0.1122308
2018-04-12,-0.926809728
2018-04-13,0.739231229
2018-04-16,-0.797779739
2018-04-17,0.181262746
2018-04-18,#N/A
2018-04-19,-0.949329734
2018-04-20,-0.714667261
2018-04-23,-0.817042708
2018-04-24,-0.804224074
2018-04-25,-0.113186821
2018-04-26,-0.942981064
2018-04-27,0.046376929
2018-04-30,0.016859567
2018-05-01,0.651051104
2018-05-02,-0.291313797
2018-05-03,#N/A
2018-05-04,0.020981282
2018-05-07,0.020515405
2018-05-08,0.050472103
2018-05-09,0.149654537
2018-05-10,0.702651203
2018-05-11,#N/A
2018-05-14,0.045133974
2018-05-15,0.018701414
2018-05-16,0.068239115
2018-05-17,#N/A
2018-05-18,0.090567067
2018-05-21,-0.953303218
2018-05-22,0.06685625
2018-05-23,0.797649741
2018-05-24,-0.504650176
2018-05-25,0.071051106
2018-05-29,-0.818521976
2018-05-30,0.086262941
2018-05-31,-0.915204346
2018-06-01,0.043903481
2018-06-04,0.079301514
2018-06-05,-0.009954005
2018-06-06,-0.901329279
2018-06-07,#N/A
2018-06-08,-0.943754494
2018-06-11,-0.148154527
2018-06-12,-0.909000635
2018-06-13,-0.930466294
2018-06-14,0.549426675
2018-06-15,0.17565167
2018-06-18,0.019873098
2018-06-19,-0.827302933
2018-06-20,0.20926477
2018-06-21,0.040633474
2018-06-22,#N/A
2018-06-25,0.22471489
2018-06-26,0.400888443
2018-06-27,-0.034492835
2018-06-28,0.013105952
2018-06-29,0.032676578
2018-07-02,0.045879588
2018-07-03,#N/A
2018-07-05,#N/A
2018-07-06,0.883016288
2018-07-09,-0.066301316
2018-07-10,-0.440221339
2018-07-11,-0.843158185
2018-07-12,0.919749975
2018-07-13,0.420301586
2018-07-16,0.793606639
2018-07-17,#N/A
2018-07-18,#N/A
2018-07-19,-0.932993889
2018-07-20,0.686252356
2018-07-23,#N/A
2018-07-24,-0.788897693
2018-07-25,-0.916799486
2018-07-26,0.917013645
2018-07-27,0.026132639
2018-07-30,#N/A
2018-07-31,0.064628035
2018-08-01,0.707187295
2018-08-02,0.006075541
2018-08-03,#N/A
2018-08-06,-0.672967672
2018-08-07,-0.773895323
2018-08-08,0.04984314
2018-08-09,0.238400817
2018-08-10,-0.963227391
2018-08-13,-0.036975101
2018-08-14,0.529015839
2018-08-15,-0.941627264
2018-08-16,#N/A
2018-08-17,0.354381502
2018-08-20,-0.945679843
2018-08-21,0.247489393
2018-08-22,-0.893470049
2018-08-23,0.06736441
2018-08-24,#N/A
2018-08-27,0.132679373
2018-08-28,0.123541504
2018-08-29,-0.880561411
2018-08-30,0.001596373
2018-08-31,-0.080121562
2018-09-04,-0.957103789
2018-09-05,0.735705495
2018-09-06,0.104633175
2018-09-07,0.028740389
2018-09-10,0.209594384
2018-09-11,0.046381846
2018-09-12,0.042850845
2018-09-13,-0.907404661
2018-09-14,0.842614651
2018-09-17,-0.037893347
2018-09-18,-0.170888871
2018-09-19,0.086864911
2018-09-20,0.277478576
2018-09-21,0.016262203
2018-09-24,0.48199898
2018-09-25,0.102051228
2018-09-26,-0.965224743
2018-09-27,-0.791657567
2018-09-28,0.134830832
2018-10-01,0.82052213
2018-10-02,#N/A
2018-10-03,-0.106750704
2018-10-04,-0.345040262
2018-10-05,-0.497186601
2018-10-08,0.564460278
2018-10-09,-0.770633698
2018-10-10,-0.000191392
2018-10-11,0.033027396
2018-10-12,-0.891462862
2018-10-15,0.020024005
2018-10-16,-0.921245217
2018-10-17,0.427607
2018-10-18,0.651856124
2018-10-19,-0.354829937
2018-10-22,#N/A
2018-10-23,0.569181025
2018-10-24,0.526502132
2018-10-25,#N/A
2018-10-26,#N/A
2018-10-29,-0.947709203
2018-10-30,0.064619295
2018-10-31,0.913079977
2018-11-01,-0.950242698
2018-11-02,-0.9669227
2018-11-05,-0.936950505
2018-11-06,-0.428429037
2018-11-07,-0.897726715
2018-11-08,0.130178571
2018-11-09,0.024958672
2018-11-12,-0.621591926
2018-11-13,-0.905381501
2018-11-14,-0.589538455
2018-11-15,0.055292979
2018-11-16,#N/A
2018-11-19,0.13046059
2018-11-20,0.547835946
2018-11-21,0.146554768
2018-11-23,0.464862049
2018-11-26,0.31617406
2018-11-27,-0.847137749
2018-11-28,#N/A
2018-11-29,-0.90715605
2018-11-30,0.520025074
2018-12-03,-0.157879114
2018-12-04,-0.225316077
2018-12-06,-0.820119202
2018-12-07,-0.213465452
2018-12-10,-0.896650434
2018-12-11,0.103780814
2018-12-12,-0.227446988
2018-12-13,-0.503910244
2018-12-14,0.046815459
2018-12-17,0.051889017
2018-12-18,-0.951993704
2018-12-19,#N/A
2018-12-20,-0.9520064
2018-12-21,#N/A
2018-12-24,0.39728719
2018-12-26,0.387608647
2018-12-27,-0.948916852
2018-12-28,-0.365586877
2018-12-31,-0.837712169
2019-01-02,0.010521485
2019-01-03,0.070310764
2019-01-04,0.912288308
2019-01-07,#N/A
2019-01-08,-0.898388326
2019-01-09,-0.953003287
2019-01-10,-0.816802919
2019-01-11,0.078943655
2019-01-14,-0.020370513
2019-01-15,0.084927268
2019-01-16,-0.956026852
2019-01-17,0.040180106
2019-01-18,-0.041136086
2019-01-22,-0.302033335
2019-01-23,-0.859703958
2019-01-24,0.027545961
2019-01-25,0.116741613
2019-01-28,0.000967406
2019-01-29,0.331340134
2019-01-30,-0.884741247
2019-01-31,-0.953768253
2019-02-01,-0.056287684
2019-02-04,-0.062565185
2019-02-05,-0.498732775
2019-02-06,0.727083921
2019-02-07,0.070792601
2019-02-08,-0.095294908
2019-02-11,-0.029692549
2019-02-12,-0.883370638
2019-02-13,-0.547427773
2019-02-14,0.027845802
2019-02-15,-0.0840775
2019-02-19,0.888508558
2019-02-20,0.362954676
2019-02-21,0.092455693
2019-02-22,0.048728004
2019-02-25,-0.124929205
2019-02-26,0.034300424
2019-02-27,-0.798945069
2019-02-28,0.007006643
2019-03-01,-0.365538478
2019-03-04,-0.005218279
2019-03-05,0.383274943
2019-03-06,-0.08688999
2019-03-07,0.050424121
2019-03-08,-0.584144711
2019-03-11,0.061738253
2019-03-12,#N/A
2019-03-13,0.086705446
2019-03-14,0.360343784
2019-03-15,0.501944542
2019-03-18,-0.536088467
2019-03-19,0.093405232
2019-03-20,0.078692853
2019-03-21,0.04200197
2019-03-22,0.417371601
2019-03-25,0.034217387
2019-03-26,0.040393658
2019-03-27,#N/A
2019-03-28,0.047458947
2019-03-29,-0.947813809
2019-04-01,0.092896298
2019-04-02,0.066158026
2019-04-03,0.019072108
2019-04-04,0.043130197
2019-04-05,-0.139459878
2019-04-08,-0.222996503
2019-04-09,0.528411388
2019-04-10,0.045282595
2019-04-11,-0.402212143
2019-04-12,-0.869512558
2019-04-15,0.031228837
2019-04-16,-0.834597468
2019-04-17,0.127781764
2019-04-18,-0.349684179
2019-04-22,0.002207017
2019-04-23,-0.317581415
2019-04-24,0.111833706
2019-04-25,-0.368448228
2019-04-26,0.13535665
2019-04-29,-0.015411854
2019-04-30,0.569395721
2019-05-01,0.519617975
2019-05-02,0.348141432
2019-05-03,#N/A
2019-05-06,-0.640833378
2019-05-07,0.413704008
2019-05-08,0.276904643
2019-05-09,-0.967294335
2019-05-10,-0.516345501
2019-05-13,0.254223466
2019-05-14,-0.782928526
2019-05-15,#N/A
2019-05-16,-0.957819343
2019-05-17,-0.077730581
2019-05-20,-0.640322983
2019-05-21,0.143129766
2019-05-22,0.017185718
2019-05-23,-0.78698802
2019-05-24,-0.021931903
2019-05-28,-0.852382898
2019-05-29,#N/A
2019-05-30,0.619816005
2019-05-31,-0.875314713
2019-06-03,-0.093661889
2019-06-04,-0.827727735
2019-06-05,0.774213612
2019-06-06,0.082914963
2019-06-07,#N/A
2019-06-10,#N/A
2019-06-11,0.223602816
2019-06-12,-0.894854128
2019-06-13,0.067818277
2019-06-14,#N/A
2019-06-17,-0.01197565
2019-06-18,-0.861062229
2019-06-19,0.699018538
2019-06-20,-0.939521313
2019-06-21,-0.008316785
2019-06-24,-0.046184614
2019-06-25,0.199254856
2019-06-26,0.559405923
2019-06-27,-0.407213539
2019-06-28,0.15394628
2019-07-01,0.332774043
2019-07-02,-0.945731401
2019-07-03,#N/A
2019-07-05,#N/A
2019-07-08,-0.858214438
2019-07-09,0.021979736
2019-07-10,0.30160448
2019-07-11,-0.073843248
2019-07-12,-0.887059927
2019-07-15,#N/A
2019-07-16,0.010948937
2019-07-17,-0.261363804
2019-07-18,-0.048735335
2019-07-19,0.583984256
2019-07-22,0.140608788
2019-07-23,-0.03068006
2019-07-24,0.115142047
2019-07-25,0.861094773
2019-07-26,0.084907398
2019-07-29,0.030798376
2019-07-30,0.671046257
2019-07-31,-0.124938592
2019-08-01,#N/A
2019-08-02,-0.141463712
2019-08-05,0.507742703
2019-08-06,0.00370134
2019-08-07,-0.014510639
2019-08-08,0.076088682
2019-08-09,#N/A
2019-08-12,-0.947261453
2019-08-13,-0.395222366
2019-08-14,-0.694659829
2019-08-15,-0.191655964
2019-08-16,-0.125281423
2019-08-19,0.035113595
2019-08-20,-0.351192802
2019-08-21,-0.096367896
2019-08-22,0.265105635
2019-08-23,-0.683587909
2019-08-26,0.027363664
2019-08-27,#N/A
2019-08-28,0.086475872
2019-08-29,-0.007357471
2019-08-30,-0.692079306
2019-09-03,-0.596122205
2019-09-04,0.170461506
2019-09-05,0.866340399
2019-09-06,-0.634293556
2019-09-09,-0.816875458
2019-09-10,0.15330933
2019-09-11,0.826582611
2019-09-12,#N/A
2019-09-13,-0.695404649
2019-09-16,-0.815104365
2019-09-17,0.047026247
2019-09-18,-0.061269306
2019-09-19,0.034374427
2019-09-20,0.571371913
2019-09-23,0.144939646
2019-09-24,0.081327558
2019-09-25,0.082224987
2019-09-26,0.855348468
2019-09-27,-0.047031343
2019-09-30,0.879288316
2019-10-01,-0.187474146
2019-10-02,-0.253681839
2019-10-03,0.709211409
2019-10-04,0.009430595
2019-10-07,-0.543691814
2019-10-08,#N/A
2019-10-09,0.341037154
2019-10-10,-0.668490112
2019-10-11,0.900297642
2019-10-14,-0.579189062
2019-10-15,0.054456949
2019-10-16,0.614975095
2019-10-17,0.313374996
2019-10-18,-0.027450033
2019-10-21,0.067499742
2019-10-22,-0.106498897
2019-10-23,0.067168862
2019-10-24,0.801141441
2019-10-25,-0.015547354
2019-10-28,0.003059484
2019-10-29,0.051481519
2019-10-30,0.182902455
2019-10-31,0.037175111
2019-11-01,-0.476126999
2019-11-04,0.042744234
2019-11-05,#N/A
2019-11-06,0.021475647
2019-11-07,-0.232640922
2019-11-08,#N/A
2019-11-11,0.063526213
2019-11-12,0.031452268
2019-11-13,0.05658251
2019-11-14,-0.049233861
2019-11-15,0.054112185
2019-11-18,0.058355797
2019-11-19,-0.00746689
2019-11-20,-0.436546773
2019-11-21,-0.798870504
2019-11-22,-0.65574342
2019-11-25,0.187895194
2019-11-26,#N/A
2019-11-27,-0.756518722
2019-11-29,#N/A
2019-12-02,0.445589602
2019-12-03,#N/A
2019-12-04,0.405841827
2019-12-05,0.036610216
2019-12-06,#N/A
2019-12-09,0.076918833
2019-12-10,0.011135712
2019-12-11,0.637036741
2019-12-12,0.044555537
2019-12-13,-0.001645472
2019-12-16,0.078096226
2019-12-17,0.921031654
2019-12-18,0.061818615
2019-12-19,0.161650419
2019-12-20,0.083472624
2019-12-23,0.122881062
2019-12-24,#N/A
2019-12-26,#N/A
2019-12-27,0.07085833
2019-12-30,0.860771894
2019-12-31,-0.804039836
2020-01-02,0.213698059
2020-01-03,-0.893856943
2020-01-06,0.484102845
2020-01-07,#N/A
2020-01-08,0.072731286
2020-01-09,0.286975175
2020-01-10,#N/A
2020-01-13,-0.630510628
2020-01-14,-0.736031532
2020-01-15,0.096577279
2020-01-16,0.048668597
2020-01-17,0.651826382
2020-01-21,0.016203022
2020-01-22,-0.075910509
2020-01-23,0.552660048
2020-01-24,-0.290252388
2020-01-27,0.038537033
2020-01-28,-0.293714285
2020-01-29,0.089408174
2020-01-30,0.262140274
2020-01-31,0.072018228
2020-02-03,-0.107576407
2020-02-04,0.004950155
2020-02-05,0.067760065
2020-02-06,-0.797391176
2020-02-07,-0.842650652
2020-02-10,-0.297916144
2020-02-11,0.023909725
2020-02-12,#N/A
2020-02-13,0.875656486
2020-02-14,0.09326151
2020-02-18,-0.701021731
2020-02-19,0.123624228
2020-02-20,-0.821674109
2020-02-21,#N/A
2020-02-24,0.341933042
2020-02-25,0.044479538
2020-02-26,0.004931899
2020-02-27,0.044519365
2020-02-28,0.330745697
2020-03-02,0.037322953
2020-03-03,0.237096399
2020-03-04,-0.824639022
2020-03-05,-0.928213239
2020-03-06,-0.018374354
2020-03-09,-0.900022268
2020-03-10,0.698931992
2020-03-11,0.005407631
2020-03-12,0.140935779
2020-03-13,0.588400722
2020-03-16,-0.848760545
2020-03-17,-0.593496561
2020-03-18,0.147471443
2020-03-19,0.007163651
2020-03-20,-0.313686609
2020-03-23,-0.242607176
2020-03-24,0.165676579
2020-03-25,-0.709731221
2020-03-26,-0.849153399
2020-03-27,#N/A
2020-03-30,0.040335029
2020-03-31,0.040896032
2020-04-01,-0.081855945
2020-04-02,-0.007070839
2020-04-03,-0.122102618
2020-04-06,0.692803562
2020-04-07,#N/A
2020-04-08,0.045110326
2020-04-09,0.365033716
2020-04-13,0.392690957
2020-04-14,-0.005581059
2020-04-15,0.20996362
2020-04-16,0.090753213
2020-04-17,0.147564933
2020-04-20,#N/A
2020-04-21,-0.487891406
2020-04-22,0.191607222
2020-04-23,0.058674719
2020-04-24,#N/A
2020-04-27,0.061508968
2020-04-28,0.259901404
2020-04-29,0.035466835
2020-04-30,-0.734052718
2020-05-01,-0.069408067
2020-05-04,0.292129874
2020-05-05,#N/A
2020-05-06,0.027681988
2020-05-07,#N/A
2020-05-08,0.080055661
2020-05-11,-0.96781534
2020-05-12,0.578248978
2020-05-13,0.885141313
2020-05-14,0.053200856
2020-05-15,0.087687768
2020-05-18,0.224979818
2020-05-19,0.078296468
2020-05-20,#N/A
2020-05-21,0.901085138
2020-05-22,#N/A
2020-05-26,0.526395619
2020-05-27,-0.206867963
2020-05-28,0.192572445
2020-05-29,#N/A
2020-06-01,0.099280044
2020-06-02,-0.955141068
2020-06-03,0.351756752
2020-06-04,#N/A
2020-06-05,0.067408197
2020-06-08,0.898196936
2020-06-09,-0.906717598
2020-06-10,0.031739809
2020-06-11,0.555176437
2020-06-12,#N/A
2020-06-15,0.200237349
2020-06-16,0.318952143
2020-06-17,-0.125903815
2020-06-18,0.077169612
2020-06-19,-0.931906521
2020-06-22,-0.834879041
2020-06-23,0.48131305
2020-06-24,0.006058903
2020-06-25,-0.912210941
2020-06-26,-0.084378615
2020-06-29,-0.885745525
2020-06-30,-0.918081701
2020-07-01,-0.2846374875
2020-07-02,0.025606591
2020-07-06,#N/A
2020-07-07,0.1134288566666666
2020-07-08,0.0554924365
2020-07-09,0.47823001
2020-07-10,0.0546708905
2020-07-13,0.02259101
2020-07-14,0.002347205
2020-07-15,0.302293658
2020-07-16,-0.2418500863333333
2020-07-17,0.4317777135
2020-07-20,0.21363945
2020-07-21,0.143273085
2020-07-22,-0.368070661
2020-07-23,0.1055445774999999
2020-07-24,-0.438672985
2020-07-27,-0.31137675
2020-07-28,0.1519053165
2020-07-29,0.0752928838
2020-07-30,0.1539853686666666
2020-07-31,0.540989755
2020-08-03,0.1744936684
2020-08-04,-0.067606165
2020-08-05,-0.9308998
2020-08-06,-0.119687375
2020-08-07,#N/A
2020-08-10,-0.2633124333333333
2020-08-11,-0.1038898249999999
2020-08-12,#N/A
2020-08-13,-0.3004942454
2020-08-14,-0.5753636513333333
2020-08-17,0.226518315
2020-08-18,0.48271176
2020-08-19,0.493081095
2020-08-20,-0.3997018766666667
2020-08-21,0.4329224366666667
2020-08-24,0.1985526333333333
2020-08-25,0.1819777833333333
2020-08-26,0.20035101175
2020-08-27,#N/A
2020-08-28,-0.460989905
2020-08-31,0.91040319
2020-09-01,0.1801120684
2020-09-02,0.45453712
2020-09-03,-0.5891725656
2020-09-04,-0.933230085
2020-09-08,-0.1672422858
2020-09-09,#N/A
2020-09-10,#N/A
2020-09-11,-0.0484354499999999
2020-09-14,0.19791436
2020-09-15,0.49959633
2020-09-16,0.3139385
2020-09-17,0.481989075
2020-09-18,-0.9031997
2020-09-21,#N/A
2020-09-22,0.093509935
2020-09-23,-0.2042839
2020-09-24,0.7706198
2020-09-25,-0.2380116806666666
2020-09-28,0.078634395
2020-09-29,-0.8743906
2020-09-30,0.3866452075
2020-10-01,#N/A
2020-10-02,0.27556363
2020-10-05,0.89123213
2020-10-06,-0.3113210808
2020-10-07,-0.0007556989999999
2020-10-08,-0.93347555
2020-10-09,0.2787245
2020-10-12,0.4245471888
2020-10-13,0.2552191245
2020-10-14,0.91388019
2020-10-15,-0.92431927
2020-10-16,#N/A
2020-10-19,0.3015575333333333
2020-10-20,-0.0637426749999999
2020-10-21,#N/A
2020-10-22,0.9369735
2020-10-23,-0.0397903366666666
2020-10-26,0.131352281
2020-10-27,0.23507668
2020-10-28,0.0920563296666666
2020-10-29,-0.2406837941428571
2020-10-30,-0.5423707166666666
2020-11-02,0.38522143
2020-11-03,0.1524653646666667
2020-11-04,-0.6824364
2020-11-05,-0.213768693
2020-11-06,0.10566883
2020-11-09,0.2740883866666667
2020-11-10,0.13575427
2020-11-11,#N/A
2020-11-12,0.473357822
2020-11-13,#N/A
2020-11-16,0.0306889845
2020-11-17,0.3207232375
2020-11-18,-0.30330263375
2020-11-19,0.6477409574999999
2020-11-20,#N/A
2020-11-23,-0.42604946
2020-11-24,#N/A
2020-11-25,-0.1189746199999999
2020-11-27,0.39977717
2020-11-30,0.261134555
2020-12-01,0.09078329
2020-12-02,0.41194865
2020-12-03,0.28185418
2020-12-04,#N/A
2020-12-07,0.20248355
2020-12-08,-0.438299075
2020-12-09,0.91146064
2020-12-10,0.638497
2020-12-11,0.047782004
2020-12-14,-0.9224
2020-12-15,0.9412072
2020-12-16,0.8603725
2020-12-17,#N/A
2020-12-18,-0.8205883549999999
2020-12-21,0.9292343
2020-12-22,0.020202539
2020-12-23,-0.1291636
2020-12-24,#N/A
2020-12-28,-0.27966908
2020-12-29,-0.937986
2020-12-30,0.88745165
2020-12-31,0.1298691616
2021-01-04,0.91272837
2021-01-05,0.564072765
2021-01-06,-0.2444412999999999
2021-01-07,0.3642062866666666
2021-01-08,-0.43604413
2021-01-11,0.151327627
2021-01-12,0.053623698
2021-01-13,0.49974164
2021-01-14,-0.09028804
2021-01-15,-0.553902028
2021-01-19,0.07040964
2021-01-20,#N/A
2021-01-21,0.9285045
2021-01-22,0.10780767
2021-01-25,0.7126713975
2021-01-26,0.035921328
2021-01-27,0.03323484675
2021-01-28,-0.2912169599999999
2021-01-29,#N/A
2021-02-01,-0.0818855909999999
2021-02-02,0.758465325
2021-02-03,0.65310615
2021-02-04,0.69926842
2021-02-05,0.10566883
2021-02-08,0.0768219545
2021-02-09,-0.05724438
2021-02-10,0.90264032
2021-02-11,#N/A
2021-02-12,0.01910754
2021-02-16,0.05829626
2021-02-17,0.069283865
2021-02-18,0.34567413
2021-02-19,0.81323993
2021-02-22,0.2999144649999999
2021-02-23,0.221630035
2021-02-24,0.0603871999999999
2021-02-25,#N/A
2021-02-26,0.5527212
2021-03-01,0.67988527
2021-03-02,0.0136525565
2021-03-03,#N/A
2021-03-04,-0.5005078319999999
2021-03-05,0.3777840625
2021-03-08,0.13659245
2021-03-09,-0.0688123679999999
2021-03-10,0.29013635
2021-03-11,0.004376397
2021-03-12,-0.22535278
2021-03-15,0.241103255
2021-03-16,0.0004205624999999
2021-03-17,-0.1872026749999999
2021-03-18,0.38625106
2021-03-19,#N/A
2021-03-22,-0.1900889425
2021-03-23,-0.95838636
2021-03-24,0.9007097
2021-03-25,0.81592804
2021-03-26,0.119502375
2021-03-29,#N/A
2021-03-30,-0.014481659
2021-03-31,0.47223083
2021-04-01,0.137070649
2021-04-05,0.0522798644999999
2021-04-06,-0.25155884
2021-04-07,-0.07734105
2021-04-08,-0.4509473025
2021-04-09,0.1215012866666666
2021-04-12,0.4575530733333333
2021-04-13,0.4340250365
2021-04-14,0.211254015
2021-04-15,#N/A
2021-04-16,0.2775892586666666
2021-04-19,0.472812905
2021-04-20,0.0464094113333333
2021-04-21,-0.2801481726666666
2021-04-22,0.21091676
2021-04-23,-0.83799535
2021-04-26,0.0248617971999999
2021-04-27,0.0498802259999999
2021-04-28,0.130441202
2021-04-29,0.8434387000000001
2021-04-30,0.19445922
2021-05-03,0.1806277117142857
2021-05-04,-0.95344037
2021-05-05,0.9237778
2021-05-06,#N/A
2021-05-07,0.3409183
2021-05-10,0.80074438
2021-05-11,-0.74942107
2021-05-12,#N/A
2021-05-13,-0.896965
2021-05-14,0.10566883
2021-05-17,0.125394873
2021-05-18,0.4007853133333333
2021-05-19,-0.247542165
2021-05-20,0.2909826
2021-05-21,0.1634135739999999
2021-05-24,0.133953182
2021-05-25,-0.85828793
2021-05-26,0.016128737
2021-05-27,-0.96266294
2021-05-28,-0.12670263
2021-06-01,0.18461496
2021-06-02,-0.7002983233333334
2021-06-03,#N/A
2021-06-04,0.115863415
2021-06-07,-0.0079222215
2021-06-08,0.4719189896666667
2021-06-09,0.0269444375
2021-06-10,-0.4425243895
2021-06-11,0.09187062
2021-06-14,0.2044459
2021-06-15,-0.1282174026666666
2021-06-16,-0.63099831
2021-06-17,0.018922385
2021-06-18,0.04560245
2021-06-21,-0.49635785
2021-06-22,#N/A
2021-06-23,-0.33328197
2021-06-24,0.027765395
2021-06-25,#N/A
2021-06-28,0.000815101
2021-06-29,0.92708361
2021-06-30,-0.90127015
2021-07-01,0.31140222
2021-07-02,0.0609414319999999
2021-07-06,0.0401634
2021-07-07,-0.2129010924999999
2021-07-08,#N/A
2021-07-09,-0.1621223852
2021-07-12,-0.5532743666666667
2021-07-13,0.6172256
2021-07-14,0.9054644333333334
2021-07-15,#N/A
2021-07-16,-0.92771375
2021-07-19,-0.96009874
2021-07-20,0.2359489775
2021-07-21,0.10603619
2021-07-22,0.71946377
2021-07-23,0.06946209
2021-07-26,0.65531838
2021-07-27,0.1676785688
2021-07-28,-0.412855548
2021-07-29,0.3029074533333333
2021-07-30,-0.190448437
2021-08-02,#N/A
2021-08-03,0.33730432
2021-08-04,0.35428888
2021-08-05,-0.109247985
2021-08-06,-0.9561416
2021-08-09,-0.1501335286666666
2021-08-10,0.68100955
2021-08-11,-0.2418214263333333
2021-08-12,#N/A
2021-08-13,0.3791104113333333
2021-08-16,#N/A
2021-08-17,0.625974535
2021-08-18,0.03582907
2021-08-19,0.004268445
2021-08-20,-0.47904402
2021-08-23,0.082587675
2021-08-24,0.0671609636
2021-08-25,0.462626835
2021-08-26,0.686711405
2021-08-27,0.0722678059999999
2021-08-30,0.4823566934444444
2021-08-31,-0.6460848333333333
2021-09-01,-0.091125327
2021-09-02,0.12804864
2021-09-03,-0.43536006
2021-09-07,-0.4513461303333333
2021-09-08,0.1493592333333333
2021-09-09,0.08296476
2021-09-10,-0.147855129
2021-09-13,-0.58840215
2021-09-14,-0.148020619
2021-09-15,0.058145244
2021-09-16,0.5696304466666667
2021-09-17,0.000807244
2021-09-20,0.2501783966666666
2021-09-21,0.1930348933333333
2021-09-22,0.383076415
2021-09-23,0.2938795068
2021-09-24,0.4066186
2021-09-27,-0.94623005
2021-09-28,0.16418915
2021-09-29,0.4349898375
2021-09-30,#N/A
2021-10-01,-0.054750472
2021-10-04,-0.10745797
2021-10-05,0.1502802174999999
2021-10-06,-0.6644162
2021-10-07,#N/A
2021-10-08,0.667148465
2021-10-11,0.31889486
2021-10-12,-0.6200613700000001
2021-10-13,0.2752593625
2021-10-14,0.8636700199999999
2021-10-15,-0.311769594
2021-10-18,0.5290282975
2021-10-19,0.2520365033333333
2021-10-20,0.57291174
2021-10-21,0.3809105283333333
2021-10-22,-0.026210263
2021-10-25,-0.3202748583333333
2021-10-26,0.82061565
2021-10-27,0.288836521
2021-10-28,-0.1068664999
2021-10-29,-0.206811308625
2021-11-01,0.1924739275
2021-11-02,-0.2268880164999999
2021-11-03,#N/A
2021-11-04,-0.59685717
2021-11-05,0.94324493
2021-11-08,#N/A
2021-11-09,0.0540932586666666
2021-11-10,-0.41777298
2021-11-11,0.8043517
2021-11-12,#N/A
2021-11-15,#N/A
2021-11-16,0.7667375
2021-11-17,0.047905315
2021-11-18,0.2046175921666666
2021-11-19,-0.2726756698
2021-11-22,0.94164944
2021-11-23,-0.1373347166666666
2021-11-24,-0.2564540285
2021-11-26,0.451279033
2021-11-29,#N/A
2021-11-30,-0.425073405
2021-12-01,0.72865933
2021-12-02,-0.0496902249999999
2021-12-03,-0.37999213
2021-12-06,0.4444601529999999
2021-12-07,0.2795190133333333
2021-12-08,-0.0680976955
2021-12-09,0.317105806
2021-12-10,-0.015859685
2021-12-13,0.212429401
2021-12-14,0.0366674474999999
2021-12-15,-0.761187465
2021-12-16,0.60118766
2021-12-17,0.071022662
2021-12-20,0.0448945355
2021-12-21,0.6091488533333332
2021-12-22,0.390777968
2021-12-23,-0.9390018
2021-12-27,-0.0264070563333333
2021-12-28,0.8046659300000001
2021-12-29,-0.34102663
2021-12-30,-0.7809751
2021-12-31,0.9194913
2022-01-03,0.0209693179999999
2022-01-04,-0.0091463769999999
2022-01-05,0.9362428
2022-01-06,0.2994700899999999
2022-01-07,0.3094263
2022-01-10,0.060916603
2022-01-11,0.7801685
2022-01-12,0.93668216
2022-01-13,-0.0648032406666666
2022-01-14,0.2726083173999999
2022-01-18,-0.2823559081428571
2022-01-19,0.5754515043333334
2022-01-20,0.0357759908333333
2022-01-21,0.1838848167499999
2022-01-24,0.68486494
2022-01-25,0.74971503
2022-01-26,-0.241903083
2022-01-27,-0.0179755101428571
2022-01-28,0.6893382542857144
2022-01-31,0.33656019
2022-02-01,0.94712853
2022-02-02,#N/A
2022-02-03,0.0699464
2022-02-04,0.49252425
2022-02-07,0.8478556
2022-02-08,0.31089561725
2022-02-09,0.79122405
2022-02-10,#N/A
2022-02-11,#N/A
2022-02-14,#N/A
2022-02-15,0.38165307
2022-02-16,-0.0669760576666666
2022-02-17,0.94648063
2022-02-18,0.1653734466666666
2022-02-22,-0.3143687775
2022-02-23,-0.0940437919999999
2022-02-24,0.802884835
2022-02-25,0.1332354945
2022-02-28,0.5548632975
2022-03-01,-0.33942667
2022-03-02,0.0203520433333333
2022-03-03,0.2179906066666666
2022-03-04,0.2266184594
2022-03-07,0.0842027625
2022-03-08,0.07391651
2022-03-09,0.868532895
2022-03-10,#N/A
2022-03-11,0.027449906
2022-03-14,-0.1150517566
2022-03-15,0.9046762
2022-03-16,0.158156047
2022-03-17,0.39483814075
2022-03-18,0.9347663
2022-03-21,0.2424350966666666
2022-03-22,0.8548658
2022-03-23,0.88683939
2022-03-24,0.4462152277999999
2022-03-25,-0.0649935
2022-03-28,-0.4664195
2022-03-29,-0.945863665
2022-03-30,0.4753714385714285
2022-03-31,0.069050856
2022-04-01,-0.10163861
2022-04-04,-0.4673031015
2022-04-05,0.4711381155
2022-04-06,0.2521205
2022-04-07,0.229773666
2022-04-08,0.20633498
2022-04-11,-0.3941129
2022-04-12,-0.25814645375
2022-04-13,-0.2056847966666666
2022-04-14,0.018569686
2022-04-18,-0.22374802
2022-04-19,0.3441963666666667
2022-04-20,0.24727221
2022-04-21,0.257506295
2022-04-22,0.04307802
2022-04-25,0.50825272
2022-04-26,#N/A
2022-04-27,0.5119017253333333
2022-04-28,0.5142281466666666
2022-04-29,0.6478324
2022-05-02,0.2494608893999999
2022-05-03,-0.0331575195
2022-05-04,-0.6004248633333332
2022-05-05,-0.06436408
2022-05-06,#N/A
2022-05-09,-0.9580518
2022-05-10,0.2721910566666666
2022-05-11,-0.00496341
2022-05-12,-0.5186828875
2022-05-13,0.063570831
2022-05-16,-0.9427257
2022-05-17,-0.30813944
2022-05-18,-0.4918655005
2022-05-19,-0.441021695
2022-05-20,0.1935295335
2022-05-23,-0.0099350876666666
2022-05-24,0.444071462
2022-05-25,-0.516584856
2022-05-26,-0.4874473233333334
2022-05-27,0.46535507
2022-05-31,0.500919509
2022-06-01,-0.17997691
2022-06-02,0.2117329133333333
2022-06-03,0.0010137328333333
2022-06-06,0.36770109
2022-06-07,0.3746347008571428
2022-06-08,-0.3130824332
2022-06-09,-0.11242913125
2022-06-10,-0.3028259574999999
2022-06-13,0.160687372
2022-06-14,0.0062028033333333
2022-06-15,0.4001665325
2022-06-16,-0.95669746
2022-06-17,0.3219100863333333
2022-06-21,0.0846318366666666
2022-06-22,-0.0106493275
2022-06-23,-0.6157316375
2022-06-24,0.1008988888
2022-06-27,-0.3677782833333333
2022-06-28,-0.86262651
2022-06-29,-0.43891959
2022-06-30,0.3912574234
2022-07-01,0.13318858775
2022-07-05,-0.6827354975
2022-07-06,-0.3989476352
2022-07-07,0.2978551923333333
2022-07-08,0.0571976914999999
2022-07-11,-0.555630095
2022-07-12,-0.2380819649999999
2022-07-13,-0.1096557566666666
2022-07-14,0.12171070575
2022-07-15,0.9367639
2022-07-18,-0.0458098431999999
2022-07-19,0.2722335333333333
2022-07-20,0.1560213575
2022-07-21,0.9103466
2022-07-22,-0.119795287
2022-07-25,0.448218674
2022-07-26,#N/A
2022-07-27,0.11283816
2022-07-28,0.2772032375
2022-07-29,-0.2846386275
2022-08-01,-0.0353250115
2022-08-02,-0.9211855
2022-08-03,-0.3595652525
2022-08-04,-0.12677048
2022-08-05,0.1030153185
2022-08-08,0.2717872959999999
2022-08-09,0.2708420775
2022-08-10,0.320066552
2022-08-11,0.20353355
2022-08-12,-0.023960175
2022-08-15,-0.3335010466666666
2022-08-16,-0.014742699
2022-08-17,0.3924198466666667
2022-08-18,0.49579696
2022-08-19,-0.9201581
2022-08-22,0.0740569933333333
2022-08-23,-0.13427964
2022-08-24,0.63242633
2022-08-25,#N/A
2022-08-26,-0.0163169426666666
2022-08-29,-0.0461045045
2022-08-30,-0.81217194
2022-08-31,-0.16144329
2022-09-01,-0.27442781
2022-09-02,0.2078132234999999
2022-09-06,0.199173795
2022-09-07,-0.2986207616666667
2022-09-08,0.4376482565
2022-09-09,-0.259138374
2022-09-12,-0.2912453933333333
2022-09-13,-0.2456594
2022-09-14,0.452384185
2022-09-15,0.10647832
2022-09-16,#N/A
2022-09-19,-0.1526425833333333
2022-09-20,0.7054627092857143
2022-09-21,-0.14539806
2022-09-22,-0.916952
2022-09-23,-0.08215257
2022-09-26,0.6620644833333333
2022-09-27,-0.4849007133333333
2022-09-28,-0.1082491995
2022-09-29,-0.544866246
2022-09-30,0.528059517
2022-10-03,-0.70400029825
2022-10-04,0.6787536325
2022-10-05,0.27230273
2022-10-06,-0.0355753414999999
2022-10-07,-0.2981821093333333
2022-10-10,-0.5400649934
2022-10-11,-0.95697886
2022-10-12,-0.16489383225
2022-10-13,-0.0100091414999999
2022-10-14,-0.4483261315
2022-10-17,-0.077453229
2022-10-18,0.0823499428
2022-10-19,-0.1155609403333333
2022-10-20,0.31996456
2022-10-21,0.2480487895999999
2022-10-24,0.2352557085
2022-10-25,-0.0705963592
2022-10-26,#N/A
2022-10-27,0.3173546779999999
2022-10-28,0.2022969077499999
2022-10-31,#N/A
2022-11-01,-0.451699808
2022-11-02,-0.35827067
2022-11-03,0.2541379666666666
2022-11-04,0.0680397266666666
2022-11-07,0.123696083
2022-11-08,0.102143528
2022-11-09,0.0960741533333333
2022-11-10,0.0815458299999999
2022-11-11,0.3977644975
2022-11-14,0.021947885
2022-11-15,0.05850435
2022-11-16,-0.0296283953333333
2022-11-17,0.25230435
2022-11-18,-0.474768818
2022-11-21,0.03580463
2022-11-22,-0.9022372
2022-11-23,-0.46772517
2022-11-25,-0.1128764306666666
2022-11-28,-0.348287639875
2022-11-29,0.01134163425
2022-11-30,0.179244039125
2022-12-01,-0.3194159906666666
2022-12-02,-0.871076
2022-12-05,0.0125043508333333
2022-12-06,0.28048144875
2022-12-07,0.0071811206666666
2022-12-08,0.5634590543333333
2022-12-09,0.0012238499999999
2022-12-12,-0.1161307225
2022-12-13,0.1958003975
2022-12-14,-0.03043026
2022-12-15,0.3006639
2022-12-16,0.0581960284
2022-12-19,0.4077359
2022-12-20,0.2291787668
2022-12-21,-0.015839985
2022-12-22,-0.0426901768
2022-12-23,0.0471119286666666
2022-12-27,-0.32894579
2022-12-28,-0.637833159
2022-12-29,0.9076384
2022-12-30,-0.9506184
2023-01-03,0.0062341321428571
2023-01-04,0.08767589
2023-01-05,-0.4143870825
2023-01-06,0.11283314
2023-01-09,-0.1979731133333333
2023-01-10,-0.609393865
2023-01-11,0.0929874483333333
2023-01-12,0.64412759
2023-01-13,0.7283295
2023-01-17,0.12803085
2023-01-18,0.048157451
2023-01-19,0.1864633299999999
2023-01-20,-0.8877697
2023-01-23,0.642236528
2023-01-24,0.48779777
2023-01-25,-0.2450919449999999
2023-01-26,-0.159232788
2023-01-27,0.1669757586666666
2023-01-30,-0.0847200275
2023-01-31,-0.382775435
2023-02-01,-0.1004874599999999
2023-02-02,-0.0746706155
2023-02-03,-0.1245501307272727
2023-02-06,0.77020308
2023-02-07,0.531140715
2023-02-08,0.31406295
2023-02-09,-0.1599888325
2023-02-10,-0.89059883
2023-02-13,0.15518415
2023-02-14,0.418810908
2023-02-15,0.3605825128571429
2023-02-16,-0.28567575
2023-02-17,#N/A
2023-02-21,-0.4040669765
2023-02-22,-0.2189577815
2023-02-23,0.9239916
2023-02-24,-0.1285539966666666
2023-02-27,#N/A
2023-02-28,0.5133613133333333
2023-03-01,0.028613834
2023-03-02,-0.26046925
2023-03-03,-0.1503374075
2023-03-06,-0.3229051049999999
2023-03-07,-0.22324695
2023-03-08,0.5519202466666666
2023-03-09,0.216804831
2023-03-10,-0.1658711466666666
2023-03-13,#N/A
2023-03-14,0.2112482435
2023-03-15,-0.13564235
2023-03-16,0.3913205
2023-03-17,0.72571605
2023-03-20,-0.07154698
2023-03-21,0.2680437066666667
2023-03-22,0.1388191185
2023-03-23,0.35394948
2023-03-24,0.0867831616666666
2023-03-27,-0.1950957586666666
2023-03-28,0.5296722265
2023-03-29,0.4584852193333333
2023-03-30,-0.25294879
2023-03-31,-0.0469612299999999
2023-04-03,0.3696461233333334
2023-04-04,-0.4226366056666666
2023-04-05,-0.287982976
2023-04-06,0.2565422966666666
2023-04-10,-0.4146975314285714
2023-04-11,-0.2470291613333333
2023-04-12,-0.95575404
2023-04-13,0.064415687
2023-04-14,0.5562751
2023-04-17,0.4329766279999999
2023-04-18,0.58168635
2023-04-19,0.6055191
2023-04-20,0.871626835
2023-04-21,#N/A
2023-04-24,0.1895528775
2023-04-25,0.0528627775
2023-04-26,0.4692236913333333
2023-04-27,-0.2980393776666666
2023-04-28,0.118246175
2023-05-01,-0.2973697
2023-05-02,0.0553084099999999
2023-05-03,0.00666068375
2023-05-04,0.4343223271428571
2023-05-05,0.4301074965
2023-05-08,0.6872999734999999
2023-05-09,#N/A
2023-05-10,0.1643649866666666
2023-05-11,-0.623829485
2023-05-12,-0.02868226
2023-05-15,0.4428264075
2023-05-16,-0.71146065
2023-05-17,-0.046292998
2023-05-18,-0.0517885999999999
2023-05-19,-0.0931765866666666
2023-05-22,-0.3689975
2023-05-23,0.792034
2023-05-24,-0.929803085
2023-05-25,#N/A
2023-05-26,#N/A
2023-05-30,0.9134749
2023-05-31,0.21917564
2023-06-01,-0.9082052
2023-06-02,#N/A
2023-06-05,0.33991521
2023-06-06,0.14307872475
2023-06-07,#N/A
2023-06-08,-0.41014084
2023-06-09,0.24934993
2023-06-12,#N/A
2023-06-13,0.0024006262499999
2023-06-14,0.9264881
2023-06-15,-0.931764
2023-06-16,-0.004695879
2023-06-20,0.2532470599999999
2023-06-21,0.045060117
2023-06-22,0.61570664
2023-06-23,0.2794216876666667
2023-06-26,-0.0156598275
2023-06-27,0.80608785
2023-06-28,0.7143937433333334
2023-06-29,0.527952575
2023-06-30,0.3785048424285714
2023-07-03,-0.361380085
2023-07-05,-0.5832937333333333
2023-07-06,0.506975485
2023-07-07,-0.44918573
2023-07-10,-0.31482152
2023-07-11,0.3341627275
2023-07-12,0.1449690349999999
2023-07-13,-0.9440008633333332
2023-07-14,#N/A
2023-07-17,0.3839190085
2023-07-18,0.0966306
2023-07-19,-0.1300683323333333
2023-07-20,-0.5246084933333334
2023-07-21,0.2584287369999999
2023-07-24,0.501791285
2023-07-25,-0.22932331
2023-07-26,0.121763245
2023-07-27,0.92934227
2023-07-28,-0.2612906723333333
2023-07-31,#N/A
2023-08-01,-0.6456486
2023-08-02,-0.0274690062499999
2023-08-03,-0.1985340502
2023-08-04,-0.3582865738
2023-08-07,-0.0976985349999999
2023-08-08,-0.2423450499999999
2023-08-09,-0.0352505353333333
2023-08-10,-0.3288680366666667
2023-08-11,-0.0804236133333333
2023-08-14,0.40286504275
2023-08-15,0.9323889
2023-08-16,0.3476184865
2023-08-17,-0.2613764699999999
2023-08-18,0.098670103
2023-08-21,0.006774336
2023-08-22,#N/A
2023-08-23,-0.373073406
2023-08-24,#N/A
2023-08-25,#N/A
2023-08-28,-0.1301153099999999
2023-08-29,0.46051296725
2023-08-30,-0.143798503
2023-08-31,0.90415454
2023-09-01,0.0270623266666666
2023-09-05,-0.0841111582499999
2023-09-06,0.1331753081666666
2023-09-07,-0.62639013
2023-09-08,-0.1193557216666666
2023-09-11,0.61442955
2023-09-12,0.0376031722
2023-09-13,-0.28103462
2023-09-14,-0.13657412
2023-09-15,-0.328569945
2023-09-18,0.91900708
2023-09-19,0.067633195
2023-09-20,-0.1011241241666666
2023-09-21,-0.384868045
2023-09-22,0.445760128
2023-09-25,0.3200805163333333
2023-09-26,0.65991942
2023-09-27,-0.1772060526
2023-09-28,-0.1014992359999999
2023-09-29,-0.1530567325
2023-10-02,0.02084703
2023-10-03,0.0441394921666666
2023-10-04,-0.5868405299999999
2023-10-05,-0.2668282286666666
2023-10-06,-0.1379030439999999
2023-10-09,0.2744792707777778
2023-10-10,-0.0433683352857142
2023-10-11,0.223484918
2023-10-12,0.1408210375
2023-10-13,-0.0745668
2023-10-16,-0.2612578849999999
2023-10-17,0.1490601533333333
2023-10-18,-0.2177127451999999
2023-10-19,0.5079306512499999
2023-10-20,0.7936860050000001
2023-10-23,-0.0598048645
2023-10-24,0.283306405
2023-10-25,0.001656783
2023-10-26,-0.044149257
2023-10-27,0.2182915459999999
2023-10-30,-0.018218697
2023-10-31,-0.3853997617499999
2023-11-01,-0.0648793025
2023-11-02,0.0568294818
2023-11-03,0.0735078371666666
2023-11-06,0.099228564
2023-11-07,-0.2865170474999999
2023-11-08,-0.2327302833333333
2023-11-09,0.2003354066666667
2023-11-10,-0.357617314
2023-11-13,0.6305987550000001
2023-11-14,0.282709019125
2023-11-15,0.0966372201666666
2023-11-16,0.2123558386
2023-11-17,-0.59634615575
2023-11-20,0.1246163866666666
2023-11-21,0.0891390933333333
2023-11-22,-0.0553771037142857
2023-11-24,0.094692329
2023-11-27,0.291331839
2023-11-28,-0.23428277
2023-11-29,0.033305734
2023-11-30,0.1085624334
2023-12-01,0.1807197825
2023-12-04,0.1374527333333333
2023-12-05,0.2712601075
2023-12-06,0.102986452
2023-12-07,-0.0938036633333333
2023-12-08,-0.1818628461999999
2023-12-11,-0.8459584
2023-12-12,-0.1386630633333333
2023-12-13,0.030262818
2023-12-14,-0.0717694352
2023-12-15,-0.2380454113333333
2023-12-18,-0.6279047283333333
2023-12-19,0.0622123879999999
2023-12-20,0.2273111366666666
2023-12-21,#N/A
2023-12-22,0.7648463799999999
2023-12-26,-0.7418079
2023-12-27,0.1125581933333333
2023-12-28,-0.8396452
2023-12-29,0.9476799
2024-01-02,0.0809265234285714
2024-01-03,0.25112243375
2024-01-04,-0.609474803
2024-01-05,-0.123325677
2024-01-08,0.0084886846
2024-01-09,-0.3684277356
2024-01-10,-0.5137032525
2024-01-11,-0.3043511117142857
2024-01-12,0.3201759775
2024-01-16,0.0843499181666666
2024-01-17,0.2398936875
2024-01-18,0.590460408
2024-01-19,0.414297033
2024-01-22,-0.2275778333333333
2024-01-23,0.407643985
2024-01-24,0.1544460493333333
2024-01-25,0.13304728
2024-01-26,-0.2088759585
2024-01-29,-0.06059275
2024-01-30,-0.2848043623333333
2024-01-31,-0.00793364325
2024-02-01,0.0985319673
2024-02-02,-0.7312131799999999
2024-02-05,-0.5935909349999999
2024-02-06,-0.4635485769999999
2024-02-07,0.17889194
2024-02-08,-0.22911354075
2024-02-09,#N/A
2024-02-12,0.1966415742
2024-02-13,0.0616137863333333
2024-02-14,-0.098769558
2024-02-15,0.4065691418
2024-02-16,0.03151550675
2024-02-20,0.0594204213333333
2024-02-21,0.3676457375
2024-02-22,0.4208629465
2024-02-23,0.1369771856666666
2024-02-26,0.186451387
2024-02-27,0.0309445746666666
2024-02-28,0.0775934668333333
2024-02-29,-0.0032833525
2024-03-01,-0.3892572525
2024-03-04,-0.2189338573333333
2024-03-05,-0.0908342678
2024-03-06,-0.224536938
2024-03-07,-0.020526962
2024-03-08,-0.3389720184
2024-03-11,-0.2150679897142857
2024-03-12,0.058023888
2024-03-13,-0.0487927649999999
2024-03-14,0.1140035074999999
2024-03-15,0.2851785671666667
2024-03-18,0.31080363225
2024-03-19,0.1897929
2024-03-20,0.385287165
2024-03-21,-0.0552092884999999
2024-03-22,-0.0248581479999999
2024-03-25,-0.2319516113333333
2024-03-26,0.3421248516666667
2024-03-27,-0.06064203
2024-03-28,0.20669162
2024-04-01,-0.82736125
2024-04-02,0.25257141625
2024-04-03,-0.0827436943333333
2024-04-04,-0.908942
2024-04-05,-0.9548314
2024-04-08,0.3966036883333333
2024-04-09,-0.2905788
2024-04-10,0.3560345658
2024-04-11,0.3005768642857142
2024-04-12,-0.2334597571999999
2024-04-15,0.0536099019999999
2024-04-16,-0.110025508
2024-04-17,0.1288927356666666
2024-04-18,-0.0312580074285714
2024-04-19,0.0096267689999999
2024-04-22,-0.03779356325
2024-04-23,0.10567253
2024-04-24,0.0784797933333333
2024-04-25,-0.2907867333333333
2024-04-26,0.0377286967499999
2024-04-29,0.5777846486666666
2024-04-30,0.118375606
2024-05-01,0.2437546216666666
2024-05-02,0.2872609857777777
2024-05-03,0.3725893266
2024-05-06,0.5152028786
2024-05-07,0.655352494
2024-05-08,0.60352045
2024-05-09,0.0623525033333333
2024-05-10,0.3722229706666666
2024-05-13,-0.0984910125
2024-05-14,0.3040531525
2024-05-15,0.0164256411999999
2024-05-16,0.02713777
2024-05-17,0.15109707
2024-05-20,-0.289481255
2024-05-21,0.0354337475
2024-05-22,0.3352066466666666
2024-05-23,0.16292395
2024-05-24,-0.0836485679999999
2024-05-28,-0.0131324499999999
2024-05-29,-0.155382867875
2024-05-30,0.5493141966666667
2024-05-31,0.9423626
2024-06-03,0.63362717
2024-06-04,0.342841408
2024-06-05,0.63178694
2024-06-06,-0.8798804650000001
2024-06-07,0.4358216266666666
2024-06-10,0.0783811511111111
2024-06-11,0.151450332
2024-06-12,0.7059380416666667
2024-06-13,-0.0222193505
2024-06-14,-0.170699447
2024-06-17,0.3468594352
2024-06-18,0.2362449078666667
2024-06-20,0.4694479275
2024-06-21,-0.1214234933333333
2024-06-24,-0.2147937233333333
2024-06-25,-0.0029584359999999
2024-06-26,0.6180762075
2024-06-27,0.07978593725
2024-06-28,0.4678840774285714
